Biology	Life_science	Biology_(disambiguation)	Organism	Natural_science	Life	Outline_of_physical_science	Life_sciences	Astrobiology	Biophysics	Biotechnology	abcdefg	abcdefg	abcdefg	abcdefg	abcdefg	Prokaryote	Microorganism	Host_(biology)	Fungus	Life	Outline_of_natural_science	Chemistry	Astronomy	Earth_science	Physics	Life_(disambiguation)	Life_on_Earth_(disambiguation)	Biota_(taxonomy)	Biota_(taxonomy)	Domain_(biology)	Physics	Science	Formal_science	Chemistry	Physics	Science	Formal_science	Chemistry	Biochemistry	Physics	Xenobiology	Astrobiology_(journal)	Abiogenesis	Universe	Extraterrestrial_life	Physics	Biochemistry	Computational_biology	Karl_Pearson	Biochemistry	Biotechnology_(disambiguation)	Bioengineering	Biomedical_engineering	Biomanufacturing	Medicine	abcdefg	abcdefg	abcdefg	abcdefg	abcdefg	abcdefg	abcdefg	abcdefg	abcdefg	abcdefg	abcdefg	abcdefg	abcdefg	abcdefg	abcdefg	abcdefg	abcdefg	abcdefg	abcdefg	abcdefg	abcdefg	abcdefg	abcdefg	abcdefg	abcdefg	Cell_nucleus	Mitochondrion	Organelle	Archaea	Bacteria	Bacteria	Unicellular_organism	Microbiology	Bacteria	Archaea	Bubonic_plague	Parasite	Mutualism_(biology)	Rhizobia	Natural_reservoir	Fungi_(disambiguation)	Amanita_muscaria	Sarcoscypha_coccinea	Mold	Chytridiomycota	abcdefg	abcdefg	abcdefg	abcdefg	abcdefg	Physical_science	Outline_of_science	List_of_academic_disciplines_and_sub-disciplines#Natural_sciences	Outline_of_earth_science	History_of_natural_science	Chemistry_(disambiguation)	Chemical_Science_(journal)	History_of_chemistry	Outline_of_chemistry	Index_of_chemistry_articles	Astronomy_(disambiguation)	Hubble_Space_Telescope	Planet	Natural_satellite	Asteroid	Science	Formal_science	Environmental_chemistry	Physics	Continuum_mechanics	Physics_(disambiguation)	Physical_science	Matter	Motion_(physics)	Spacetime	Human_life_(disambiguation)	Life_(magazine)	LYF	abcdefg	abcdefg	abcdefg	abcdefg	abcdefg	abcdefg	abcdefg	Bionta	Biota_(ecology)	abcdefg	abcdefg	abcdefg	abcdefg	abcdefg	abcdefg	abcdefg	abcdefg	Eukaryota	Bacteria	Archaea	Taxonomy_(biology)	Taxonomic_rank	abcdefg	abcdefg	abcdefg	abcdefg	abcdefg	Science_(disambiguation)	Formal_science	Mathematics	Environmental_chemistry	Organic_chemistry	Theoretical_computer_science	Continuum_mechanics	Geology	Outline_of_space_science	Social_science	abcdefg	abcdefg	abcdefg	abcdefg	abcdefg	abcdefg	abcdefg	abcdefg	abcdefg	abcdefg	abcdefg	abcdefg	abcdefg	abcdefg	abcdefg	abcdefg	abcdefg	abcdefg	abcdefg	abcdefg	abcdefg	abcdefg	abcdefg	abcdefg	abcdefg	Biochemistry_(journal)	Biomolecule	Metabolism	Index_of_biochemistry_articles	Outline_of_biochemistry	abcdefg	abcdefg	abcdefg	abcdefg	abcdefg	Synthetic_biology	Nucleic_acid_analogues	Xeno_Nucleic_Acid	Expanded_genetic_code	Proteinogenic_amino_acids	International_Journal_of_Astrobiology	Mary_Ann_Liebert,_Inc.	Abiogenesis	Evolution	Mary_Ann_Liebert,_Inc.	Creation_myth	Precambrian	Stromatolite	Cyanobacteria	Earth	Universe_(disambiguation)	Hubble_Ultra-Deep_Field	Galaxies	Baryon#Baryonic_matter	Matter	Extrasolar_planet	SETI	Allen_Telescope_Array	Curiosity_(rover)	Mars	abcdefg	abcdefg	abcdefg	abcdefg	abcdefg	abcdefg	abcdefg	abcdefg	abcdefg	abcdefg	Computer_science	Statistics	Molecular_biology	Genetics	Genomics	Eugenics	University_College_London	King%27s_College,_Cambridge	King%27s_College,_Cambridge	Francis_Galton	abcdefg	abcdefg	abcdefg	abcdefg	abcdefg	abcdefg	abcdefg	abcdefg	abcdefg	abcdefg	Biomedical_engineering	Heinz_Wolff	Bioinformatics	Biomedical_engineering	Biomedical_engineering	Engineering_science	Engineering	Medical_monitor	Interdisciplinarity	Research_and_development	Manufacturing	Manufacturing	Golden_LEAF_Biomanufacturing_Training_and_Education_Center	abcdefg	abcdefg	Pharmaceutical_drug	Medicine_(disambiguation)	Academic_Medicine_(journal)	Physician	Stethoscope	abcdefg	abcdefg	abcdefg	abcdefg	abcdefg	abcdefg	abcdefg	abcdefg	abcdefg	abcdefg	abcdefg	abcdefg	abcdefg	abcdefg	abcdefg	abcdefg	abcdefg	abcdefg	abcdefg	abcdefg	abcdefg	abcdefg	abcdefg	abcdefg	abcdefg	abcdefg	abcdefg	abcdefg	abcdefg	abcdefg	abcdefg	abcdefg	abcdefg	abcdefg	abcdefg	abcdefg	abcdefg	abcdefg	abcdefg	abcdefg	abcdefg	abcdefg	abcdefg	abcdefg	abcdefg	abcdefg	abcdefg	abcdefg	abcdefg	abcdefg	abcdefg	abcdefg	abcdefg	abcdefg	abcdefg	abcdefg	abcdefg	abcdefg	abcdefg	abcdefg	abcdefg	abcdefg	abcdefg	abcdefg	abcdefg	abcdefg	abcdefg	abcdefg	abcdefg	abcdefg	abcdefg	abcdefg	abcdefg	abcdefg	abcdefg	abcdefg	abcdefg	abcdefg	abcdefg	abcdefg	abcdefg	abcdefg	abcdefg	abcdefg	abcdefg	abcdefg	abcdefg	abcdefg	abcdefg	abcdefg	abcdefg	abcdefg	abcdefg	abcdefg	abcdefg	abcdefg	abcdefg	abcdefg	abcdefg	abcdefg	abcdefg	abcdefg	abcdefg	abcdefg	abcdefg	abcdefg	abcdefg	abcdefg	abcdefg	abcdefg	abcdefg	abcdefg	abcdefg	abcdefg	abcdefg	abcdefg	abcdefg	abcdefg	abcdefg	abcdefg	abcdefg	abcdefg	abcdefg	abcdefg	abcdefg	DNA	Interphase	Mitosis	Cell_biology	Animal_cell	Cell_biology	Nucleolus	Ribosome	Vesicle_(biology_and_chemistry)	Rough_endoplasmic_reticulum	Terminologia_Histologica	Terminologia_Histologica	Cell_biology	Animal_cell	Nucleolus	Archean	Archean	Halobacteria	Taxonomy_(biology)	Neomura	Bacterium_(genus)	Bacteria_(disambiguation)	Archean	Archean	Escherichia_coli	abcdefg	abcdefg	abcdefg	abcdefg	abcdefg	Cell_(biology)	Multicellular_organism	Flagellate	Protozoa	Eukaryotic	Virology	Mycology	Bacteriology	Fungi	Protists	abcdefg	abcdefg	abcdefg	abcdefg	abcdefg	abcdefg	abcdefg	abcdefg	abcdefg	abcdefg	Black_Death	Bubo	Bacterial_infection	Yersinia_pestis	Septicemic_plague	Brood_parasite	Cymothoa_exigua	Macroparasite	Microparasite	Protozoa	Mutualism_(disambiguation)	Pollination	Co-operation_(evolution)	Interspecific_competition	Cheating_(biology)	Rhizobium	Rhizobiaceae	Soil	Nitrogen_fixation	Nitrogen	Reservoir_(disambiguation)	Subclinical_infection	Armadillo	Chagas_disease	Bat	abcdefg	abcdefg	abcdefg	abcdefg	abcdefg	Agaricomycetes	Agaricales	Amanitaceae	Amanita	Hymenium	Fungi	Ascomycota	Sarcoscyphaceae	Sarcoscypha	Sarcoscyphaceae	Slime_mold	Mold_(disambiguation)	Hyphae	Yeast	Mycelium	Chytridiomycetes	Chytridiales	Rhizophydiales	Spizellomycetales	Monoblepharidomycetes	abcdefg	abcdefg	abcdefg	abcdefg	abcdefg	abcdefg	abcdefg	abcdefg	abcdefg	abcdefg	abcdefg	abcdefg	abcdefg	abcdefg	abcdefg	abcdefg	abcdefg	abcdefg	abcdefg	abcdefg	abcdefg	abcdefg	abcdefg	abcdefg	abcdefg	Geography	Economics	Geography	Science_education	Physical_science	Continuum_mechanics	Outline_of_space_science	Social_science	Applied_science	Engineering	abcdefg	abcdefg	abcdefg	abcdefg	abcdefg	Index_of_Earth_science_articles	Outline_of_social_science	Outline_of_applied_science	abcdefg	abcdefg	Natural_philosophy	Natural_philosophy	History_of_science	Natural_philosophy	abcdefg	abcdefg	abcdefg	abcdefg	abcdefg	abcdefg	Royal_Society_of_Chemistry	Royal_Society_of_Chemistry	Chemical_Communications	Chemical_Society_Reviews	Royal_Society_of_Chemistry	Alchemy	Alchemy	Chemist	Antoine_Lavoisier	History_of_thermodynamics	Index_of_chemistry_articles	Glossary_of_chemistry_terms	Index_of_chemistry_articles	abcdefg	abcdefg	Glossary_of_chemistry_terms	Chemistry_basic_topics	abcdefg	abcdefg	abcdefg	Astronomy_(magazine)	abcdefg	abcdefg	abcdefg	abcdefg	Hubble_(disambiguation)	Space_Shuttle	Space_Shuttle_Atlantis	STS-125	Space_observatory	Planet_(disambiguation)	Solar_System	Terrestrial_planet	Mercury_(planet)	Venus	Moon	Saturn	Titan_(moon)	Orbit	Minor_planet	Asteroid_(disambiguation)	253_Mathilde	C-type_asteroid	NEAR_Shoemaker	Minor_planet	abcdefg	abcdefg	abcdefg	abcdefg	abcdefg	abcdefg	abcdefg	abcdefg	abcdefg	abcdefg	Contaminated	Green_chemistry	Atmospheric_chemistry	Analytical_chemistry	Environmental_science	abcdefg	abcdefg	abcdefg	abcdefg	abcdefg	Momentum#Conservation	Clausius%E2%80%93Duhem_inequality	Solid_mechanics	Stress_(mechanics)	Deformation_(mechanics)	abcdefg	abcdefg	abcdefg	abcdefg	abcdefg	abcdefg	abcdefg	abcdefg	abcdefg	abcdefg	Matter_(disambiguation)	State_of_matter#The_four_fundamental_states	Atom	Light	Mass	Displacement_(vector)	Distance	Velocity	Acceleration	Time	Spacetime_(disambiguation)	Special_relativity	General_relativity	Equivalence_principle	Lorentz_transformation	Beginning_of_personhood	abcdefg	abcdefg	abcdefg	abcdefg	Coles_Phillips	Time_magazine	Henry_Luce	Photojournalism	Charles_Dana_Gibson	Mobile_phone	Mobile_handset	VoLTE	Reliance_Retail	Reliance_Industries_Limited	abcdefg	abcdefg	abcdefg	abcdefg	abcdefg	abcdefg	abcdefg	abcdefg	abcdefg	abcdefg	abcdefg	abcdefg	abcdefg	abcdefg	abcdefg	abcdefg	abcdefg	abcdefg	abcdefg	abcdefg	abcdefg	abcdefg	abcdefg	abcdefg	abcdefg	abcdefg	abcdefg	abcdefg	abcdefg	abcdefg	abcdefg	abcdefg	abcdefg	abcdefg	abcdefg	List_of_defunct_taxa	abcdefg	abcdefg	abcdefg	abcdefg	Biota_(disambiguation)	Biosphere	abcdefg	abcdefg	abcdefg	abcdefg	abcdefg	abcdefg	abcdefg	abcdefg	abcdefg	abcdefg	abcdefg	abcdefg	abcdefg	abcdefg	abcdefg	abcdefg	abcdefg	abcdefg	abcdefg	abcdefg	abcdefg	abcdefg	abcdefg	abcdefg	abcdefg	abcdefg	abcdefg	abcdefg	abcdefg	abcdefg	abcdefg	abcdefg	abcdefg	abcdefg	abcdefg	abcdefg	abcdefg	abcdefg	abcdefg	abcdefg	abcdefg	abcdefg	abcdefg	Taxonomy_(biology)	Kingdom_(biology)#Kingdoms_of_the_Eukaryota	Kingdom_(biology)	Plant	SAR_supergroup	abcdefg	abcdefg	abcdefg	abcdefg	abcdefg	abcdefg	abcdefg	abcdefg	abcdefg	abcdefg	Taxonomy_(disambiguation)	Taxon	Taxonomic_rank	Carl_Linnaeus	Linnaean_classification	Biological_classification	Biological_classification	Taxon	Species	Genus	abcdefg	abcdefg	abcdefg	abcdefg	abcdefg	abcdefg	abcdefg	abcdefg	abcdefg	abcdefg	abcdefg	abcdefg	abcdefg	abcdefg	abcdefg	abcdefg	abcdefg	abcdefg	abcdefg	abcdefg	abcdefg	abcdefg	abcdefg	abcdefg	abcdefg	abcdefg	abcdefg	abcdefg	abcdefg	abcdefg	abcdefg	abcdefg	abcdefg	abcdefg	abcdefg	Mathematics_(disambiguation)	Math_(disambiguation)	Euclid	Number	Mathematical_structure	abcdefg	abcdefg	abcdefg	abcdefg	abcdefg	Organic_chemical	Hydrocarbon	Organic_compounds	Organic_materials	Carbon	Theoretical_Computer_Science_(journal)	Computer_science	Theory_of_computation	ACM_SIGACT	Computational_complexity_theory	abcdefg	abcdefg	abcdefg	abcdefg	abcdefg	Geology_(journal)	Solid_Earth	Rock_(geology)	Geology_of_the_Moon	Geology_of_Mars	Social_science	Applied_science	Engineering	Genetic_engineering	Robotics	Geography	Gerontology	Anthropology	Archaeology	Criminology	abcdefg	abcdefg	abcdefg	abcdefg	abcdefg	abcdefg	abcdefg	abcdefg	abcdefg	abcdefg	abcdefg	abcdefg	abcdefg	abcdefg	abcdefg	abcdefg	abcdefg	abcdefg	abcdefg	abcdefg	abcdefg	abcdefg	abcdefg	abcdefg	abcdefg	abcdefg	abcdefg	abcdefg	abcdefg	abcdefg	abcdefg	abcdefg	abcdefg	abcdefg	abcdefg	abcdefg	abcdefg	abcdefg	abcdefg	abcdefg	abcdefg	abcdefg	abcdefg	abcdefg	abcdefg	abcdefg	abcdefg	abcdefg	abcdefg	abcdefg	abcdefg	abcdefg	abcdefg	abcdefg	abcdefg	abcdefg	abcdefg	abcdefg	abcdefg	abcdefg	abcdefg	abcdefg	abcdefg	abcdefg	abcdefg	abcdefg	abcdefg	abcdefg	abcdefg	abcdefg	abcdefg	abcdefg	abcdefg	abcdefg	abcdefg	abcdefg	abcdefg	abcdefg	abcdefg	abcdefg	abcdefg	abcdefg	abcdefg	abcdefg	abcdefg	abcdefg	abcdefg	abcdefg	abcdefg	abcdefg	abcdefg	abcdefg	abcdefg	abcdefg	abcdefg	abcdefg	abcdefg	abcdefg	abcdefg	abcdefg	abcdefg	abcdefg	abcdefg	abcdefg	abcdefg	abcdefg	abcdefg	abcdefg	abcdefg	abcdefg	abcdefg	abcdefg	abcdefg	abcdefg	abcdefg	abcdefg	abcdefg	abcdefg	abcdefg	abcdefg	abcdefg	abcdefg	abcdefg	abcdefg	abcdefg	American_Chemical_Society	American_Chemical_Society	abcdefg	abcdefg	abcdefg	Metabolism	Index_of_biochemistry_articles	Outline_of_biochemistry	History_of_biochemistry	Cell_biology	Metabolism_(architecture)	Index_of_biochemistry_articles	Outline_of_biochemistry	History_of_biochemistry	Cell_biology	Outline_of_biochemistry	History_of_biochemistry	Cell_biology	Bioinformatics	Enzymology	History_of_biochemistry	Cell_biology	Bioinformatics	Enzymology	Genetics	abcdefg	abcdefg	abcdefg	abcdefg	abcdefg	abcdefg	abcdefg	abcdefg	abcdefg	abcdefg	abcdefg	abcdefg	abcdefg	abcdefg	abcdefg	abcdefg	abcdefg	abcdefg	abcdefg	abcdefg	abcdefg	abcdefg	abcdefg	abcdefg	abcdefg	Evolutionary_biology	Genetic_engineering	Molecular_engineering	Systems_biology	BioBrick	Degenerate_bases	Oligonucleotide_synthesis	Xeno_Nucleic_Acid	Morpholino	Nucleotides