Biology	Life_science	Biology_(disambiguation)	Organism	Natural_science	Life	Outline_of_physical_science	Life_sciences	Astrobiology	Biophysics	Biotechnology	abcdefg	abcdefg	abcdefg	abcdefg	abcdefg	Prokaryote	Microorganism	Host_(biology)	Fungus	Life	Outline_of_natural_science	Chemistry	Astronomy	Earth_science	Physics	Life_(disambiguation)	Life_on_Earth_(disambiguation)	Biota_(taxonomy)	Biota_(taxonomy)	Domain_(biology)	Physics	Science	Formal_science	Chemistry	Physics	Science	Formal_science	Chemistry	Biochemistry	Physics	Xenobiology	Astrobiology_(journal)	Abiogenesis	Universe	Extraterrestrial_life	Physics	Biochemistry	Computational_biology	Karl_Pearson	Biochemistry	Biotechnology_(disambiguation)	Bioengineering	Biomedical_engineering	Biomanufacturing	Medicine	abcdefg	abcdefg	abcdefg	abcdefg	abcdefg	abcdefg	abcdefg	abcdefg	abcdefg	abcdefg	abcdefg	abcdefg	abcdefg	abcdefg	abcdefg	abcdefg	abcdefg	abcdefg	abcdefg	abcdefg	abcdefg	abcdefg	abcdefg	abcdefg	abcdefg	Cell_nucleus	Mitochondrion	Organelle	Archaea	Bacteria	Bacteria	Unicellular_organism	Microbiology	Bacteria	Archaea	Bubonic_plague	Parasite	Mutualism_(biology)	Rhizobia	Natural_reservoir	Fungi_(disambiguation)	Amanita_muscaria	Sarcoscypha_coccinea	Mold	Chytridiomycota	abcdefg	abcdefg	abcdefg	abcdefg	abcdefg	Physical_science	Outline_of_science	List_of_academic_disciplines_and_sub-disciplines#Natural_sciences	Outline_of_earth_science	History_of_natural_science	Chemistry_(disambiguation)	Chemical_Science_(journal)	History_of_chemistry	Outline_of_chemistry	Index_of_chemistry_articles	Astronomy_(disambiguation)	Hubble_Space_Telescope	Planet	Natural_satellite	Asteroid	Science	Formal_science	Environmental_chemistry	Physics	Continuum_mechanics	Physics_(disambiguation)	Physical_science	Matter	Motion_(physics)	Spacetime	Human_life_(disambiguation)	Life_(magazine)	LYF	abcdefg	abcdefg	abcdefg	abcdefg	abcdefg	abcdefg	abcdefg	Bionta	Biota_(ecology)	abcdefg	abcdefg	abcdefg	abcdefg	abcdefg	abcdefg	abcdefg	abcdefg	Eukaryota	Bacteria	Archaea	Taxonomy_(biology)	Taxonomic_rank	abcdefg	abcdefg	abcdefg	abcdefg	abcdefg	Science_(disambiguation)	Formal_science	Mathematics	Environmental_chemistry	Organic_chemistry	Theoretical_computer_science	Continuum_mechanics	Geology	Outline_of_space_science	Social_science	abcdefg	abcdefg	abcdefg	abcdefg	abcdefg	abcdefg	abcdefg	abcdefg	abcdefg	abcdefg	abcdefg	abcdefg	abcdefg	abcdefg	abcdefg	abcdefg	abcdefg	abcdefg	abcdefg	abcdefg	abcdefg	abcdefg	abcdefg	abcdefg	abcdefg	Biochemistry_(journal)	Biomolecule	Metabolism	Index_of_biochemistry_articles	Outline_of_biochemistry	abcdefg	abcdefg	abcdefg	abcdefg	abcdefg	Synthetic_biology	Nucleic_acid_analogues	Xeno_Nucleic_Acid	Expanded_genetic_code	Proteinogenic_amino_acids	International_Journal_of_Astrobiology	Mary_Ann_Liebert,_Inc.	Abiogenesis	Evolution	Mary_Ann_Liebert,_Inc.	Creation_myth	Precambrian	Stromatolite	Cyanobacteria	Earth	Universe_(disambiguation)	Hubble_Ultra-Deep_Field	Galaxies	Baryon#Baryonic_matter	Matter	Extrasolar_planet	SETI	Allen_Telescope_Array	Curiosity_(rover)	Mars	abcdefg	abcdefg	abcdefg	abcdefg	abcdefg	abcdefg	abcdefg	abcdefg	abcdefg	abcdefg	Computer_science	Statistics	Molecular_biology	Genetics	Genomics	Eugenics	University_College_London	King%27s_College,_Cambridge	King%27s_College,_Cambridge	Francis_Galton	abcdefg	abcdefg	abcdefg	abcdefg	abcdefg	abcdefg	abcdefg	abcdefg	abcdefg	abcdefg	Biomedical_engineering	Heinz_Wolff	Bioinformatics	Biomedical_engineering	Biomedical_engineering	Engineering_science	Engineering	Medical_monitor	Interdisciplinarity	Research_and_development	Manufacturing	Manufacturing	Golden_LEAF_Biomanufacturing_Training_and_Education_Center	abcdefg	abcdefg	Pharmaceutical_drug	Medicine_(disambiguation)	Academic_Medicine_(journal)	Physician	Stethoscope	abcdefg	abcdefg	abcdefg	abcdefg	abcdefg	abcdefg	abcdefg	abcdefg	abcdefg	abcdefg	abcdefg	abcdefg	abcdefg	abcdefg	abcdefg	abcdefg	abcdefg	abcdefg	abcdefg	abcdefg	abcdefg	abcdefg	abcdefg	abcdefg	abcdefg	abcdefg	abcdefg	abcdefg	abcdefg	abcdefg	abcdefg	abcdefg	abcdefg	abcdefg	abcdefg	abcdefg	abcdefg	abcdefg	abcdefg	abcdefg	abcdefg	abcdefg	abcdefg	abcdefg	abcdefg	abcdefg	abcdefg	abcdefg	abcdefg	abcdefg	abcdefg	abcdefg	abcdefg	abcdefg	abcdefg	abcdefg	abcdefg	abcdefg	abcdefg	abcdefg	abcdefg	abcdefg	abcdefg	abcdefg	abcdefg	abcdefg	abcdefg	abcdefg	abcdefg	abcdefg	abcdefg	abcdefg	abcdefg	abcdefg	abcdefg	abcdefg	abcdefg	abcdefg	abcdefg	abcdefg	abcdefg	abcdefg	abcdefg	abcdefg	abcdefg	abcdefg	abcdefg	abcdefg	abcdefg	abcdefg	abcdefg	abcdefg	abcdefg	abcdefg	abcdefg	abcdefg	abcdefg	abcdefg	abcdefg	abcdefg	abcdefg	abcdefg	abcdefg	abcdefg	abcdefg	abcdefg	abcdefg	abcdefg	abcdefg	abcdefg	abcdefg	abcdefg	abcdefg	abcdefg	abcdefg	abcdefg	abcdefg	abcdefg	abcdefg	abcdefg	abcdefg	abcdefg	abcdefg	abcdefg	abcdefg	DNA	Interphase	Mitosis	Cell_biology	Animal_cell	Cell_biology	Nucleolus	Ribosome	Vesicle_(biology_and_chemistry)	Rough_endoplasmic_reticulum	Terminologia_Histologica	Terminologia_Histologica	Cell_biology	Animal_cell	Nucleolus	Archean	Archean	Halobacteria	Taxonomy_(biology)	Neomura	Bacterium_(genus)	Bacteria_(disambiguation)	Archean	Archean	Escherichia_coli	abcdefg	abcdefg	abcdefg	abcdefg	abcdefg	Cell_(biology)	Multicellular_organism	Flagellate	Protozoa	Eukaryotic	Virology	Mycology	Bacteriology	Fungi	Protists	abcdefg	abcdefg	abcdefg	abcdefg	abcdefg	abcdefg	abcdefg	abcdefg	abcdefg	abcdefg	Black_Death	Bubo	Bacterial_infection	Yersinia_pestis	Septicemic_plague	Brood_parasite	Cymothoa_exigua	Macroparasite	Microparasite	Protozoa	Mutualism_(disambiguation)	Pollination	Co-operation_(evolution)	Interspecific_competition	Cheating_(biology)	Rhizobium	Rhizobiaceae	Soil	Nitrogen_fixation	Nitrogen	Reservoir_(disambiguation)	Subclinical_infection	Armadillo	Chagas_disease	Bat	abcdefg	abcdefg	abcdefg	abcdefg	abcdefg	Agaricomycetes	Agaricales	Amanitaceae	Amanita	Hymenium	Fungi	Ascomycota	Sarcoscyphaceae	Sarcoscypha	Sarcoscyphaceae	Slime_mold	Mold_(disambiguation)	Hyphae	Yeast	Mycelium	Chytridiomycetes	Chytridiales	Rhizophydiales	Spizellomycetales	Monoblepharidomycetes	abcdefg	abcdefg	abcdefg	abcdefg	abcdefg	abcdefg	abcdefg	abcdefg	abcdefg	abcdefg	abcdefg	abcdefg	abcdefg	abcdefg	abcdefg	abcdefg	abcdefg	abcdefg	abcdefg	abcdefg	abcdefg	abcdefg	abcdefg	abcdefg	abcdefg	Geography	Economics	Geography	Science_education	Physical_science	Continuum_mechanics	Outline_of_space_science	Social_science	Applied_science	Engineering	abcdefg	abcdefg	abcdefg	abcdefg	abcdefg	Index_of_Earth_science_articles	Outline_of_social_science	Outline_of_applied_science	abcdefg	abcdefg	Natural_philosophy	Natural_philosophy	History_of_science	Natural_philosophy	abcdefg	abcdefg	abcdefg	abcdefg	abcdefg	abcdefg	Royal_Society_of_Chemistry	Royal_Society_of_Chemistry	Chemical_Communications	Chemical_Society_Reviews	Royal_Society_of_Chemistry	Alchemy	Alchemy	Chemist	Antoine_Lavoisier	History_of_thermodynamics	Index_of_chemistry_articles	Glossary_of_chemistry_terms	Index_of_chemistry_articles	abcdefg	abcdefg	Glossary_of_chemistry_terms	Chemistry_basic_topics	abcdefg	abcdefg	abcdefg	Astronomy_(magazine)	abcdefg	abcdefg	abcdefg	abcdefg	Hubble_(disambiguation)	Space_Shuttle	Space_Shuttle_Atlantis	STS-125	Space_observatory	Planet_(disambiguation)	Solar_System	Terrestrial_planet	Mercury_(planet)	Venus	Moon	Saturn	Titan_(moon)	Orbit	Minor_planet	Asteroid_(disambiguation)	253_Mathilde	C-type_asteroid	NEAR_Shoemaker	Minor_planet	abcdefg	abcdefg	abcdefg	abcdefg	abcdefg	abcdefg	abcdefg	abcdefg	abcdefg	abcdefg	Contaminated	Green_chemistry	Atmospheric_chemistry	Analytical_chemistry	Environmental_science	abcdefg	abcdefg	abcdefg	abcdefg	abcdefg	Momentum#Conservation	Clausius%E2%80%93Duhem_inequality	Solid_mechanics	Stress_(mechanics)	Deformation_(mechanics)	abcdefg	abcdefg	abcdefg	abcdefg	abcdefg	abcdefg	abcdefg	abcdefg	abcdefg	abcdefg	Matter_(disambiguation)	State_of_matter#The_four_fundamental_states	Atom	Light	Mass	Displacement_(vector)	Distance	Velocity	Acceleration	Time	Spacetime_(disambiguation)	Special_relativity	General_relativity	Equivalence_principle	Lorentz_transformation	Beginning_of_personhood	abcdefg	abcdefg	abcdefg	abcdefg	Coles_Phillips	Time_magazine	Henry_Luce	Photojournalism	Charles_Dana_Gibson	Mobile_phone	Mobile_handset	VoLTE	Reliance_Retail	Reliance_Industries_Limited	abcdefg	abcdefg	abcdefg	abcdefg	abcdefg	abcdefg	abcdefg	abcdefg	abcdefg	abcdefg	abcdefg	abcdefg	abcdefg	abcdefg	abcdefg	abcdefg	abcdefg	abcdefg	abcdefg	abcdefg	abcdefg	abcdefg	abcdefg	abcdefg	abcdefg	abcdefg	abcdefg	abcdefg	abcdefg	abcdefg	abcdefg	abcdefg	abcdefg	abcdefg	abcdefg	List_of_defunct_taxa	abcdefg	abcdefg	abcdefg	abcdefg	Biota_(disambiguation)	Biosphere	abcdefg	abcdefg	abcdefg	abcdefg	abcdefg	abcdefg	abcdefg	abcdefg	abcdefg	abcdefg	abcdefg	abcdefg	abcdefg	abcdefg	abcdefg	abcdefg	abcdefg	abcdefg	abcdefg	abcdefg	abcdefg	abcdefg	abcdefg	abcdefg	abcdefg	abcdefg	abcdefg	abcdefg	abcdefg	abcdefg	abcdefg	abcdefg	abcdefg	abcdefg	abcdefg	abcdefg	abcdefg	abcdefg	abcdefg	abcdefg	abcdefg	abcdefg	abcdefg	Taxonomy_(biology)	Kingdom_(biology)#Kingdoms_of_the_Eukaryota	Kingdom_(biology)	Plant	SAR_supergroup	abcdefg	abcdefg	abcdefg	abcdefg	abcdefg	abcdefg	abcdefg	abcdefg	abcdefg	abcdefg	Taxonomy_(disambiguation)	Taxon	Taxonomic_rank	Carl_Linnaeus	Linnaean_classification	Biological_classification	Biological_classification	Taxon	Species	Genus	abcdefg	abcdefg	abcdefg	abcdefg	abcdefg	abcdefg	abcdefg	abcdefg	abcdefg	abcdefg	abcdefg	abcdefg	abcdefg	abcdefg	abcdefg	abcdefg	abcdefg	abcdefg	abcdefg	abcdefg	abcdefg	abcdefg	abcdefg	abcdefg	abcdefg	abcdefg	abcdefg	abcdefg	abcdefg	abcdefg	abcdefg	abcdefg	abcdefg	abcdefg	abcdefg	Mathematics_(disambiguation)	Math_(disambiguation)	Euclid	Number	Mathematical_structure	abcdefg	abcdefg	abcdefg	abcdefg	abcdefg	Organic_chemical	Hydrocarbon	Organic_compounds	Organic_materials	Carbon	Theoretical_Computer_Science_(journal)	Computer_science	Theory_of_computation	ACM_SIGACT	Computational_complexity_theory	abcdefg	abcdefg	abcdefg	abcdefg	abcdefg	Geology_(journal)	Solid_Earth	Rock_(geology)	Geology_of_the_Moon	Geology_of_Mars	Social_science	Applied_science	Engineering	Genetic_engineering	Robotics	Geography	Gerontology	Anthropology	Archaeology	Criminology	abcdefg	abcdefg	abcdefg	abcdefg	abcdefg	abcdefg	abcdefg	abcdefg	abcdefg	abcdefg	abcdefg	abcdefg	abcdefg	abcdefg	abcdefg	abcdefg	abcdefg	abcdefg	abcdefg	abcdefg	abcdefg	abcdefg	abcdefg	abcdefg	abcdefg	abcdefg	abcdefg	abcdefg	abcdefg	abcdefg	abcdefg	abcdefg	abcdefg	abcdefg	abcdefg	abcdefg	abcdefg	abcdefg	abcdefg	abcdefg	abcdefg	abcdefg	abcdefg	abcdefg	abcdefg	abcdefg	abcdefg	abcdefg	abcdefg	abcdefg	abcdefg	abcdefg	abcdefg	abcdefg	abcdefg	abcdefg	abcdefg	abcdefg	abcdefg	abcdefg	abcdefg	abcdefg	abcdefg	abcdefg	abcdefg	abcdefg	abcdefg	abcdefg	abcdefg	abcdefg	abcdefg	abcdefg	abcdefg	abcdefg	abcdefg	abcdefg	abcdefg	abcdefg	abcdefg	abcdefg	abcdefg	abcdefg	abcdefg	abcdefg	abcdefg	abcdefg	abcdefg	abcdefg	abcdefg	abcdefg	abcdefg	abcdefg	abcdefg	abcdefg	abcdefg	abcdefg	abcdefg	abcdefg	abcdefg	abcdefg	abcdefg	abcdefg	abcdefg	abcdefg	abcdefg	abcdefg	abcdefg	abcdefg	abcdefg	abcdefg	abcdefg	abcdefg	abcdefg	abcdefg	abcdefg	abcdefg	abcdefg	abcdefg	abcdefg	abcdefg	abcdefg	abcdefg	abcdefg	abcdefg	abcdefg	American_Chemical_Society	American_Chemical_Society	abcdefg	abcdefg	abcdefg	Metabolism	Index_of_biochemistry_articles	Outline_of_biochemistry	History_of_biochemistry	Cell_biology	Metabolism_(architecture)	Index_of_biochemistry_articles	Outline_of_biochemistry	History_of_biochemistry	Cell_biology	Outline_of_biochemistry	History_of_biochemistry	Cell_biology	Bioinformatics	Enzymology	History_of_biochemistry	Cell_biology	Bioinformatics	Enzymology	Genetics	abcdefg	abcdefg	abcdefg	abcdefg	abcdefg	abcdefg	abcdefg	abcdefg	abcdefg	abcdefg	abcdefg	abcdefg	abcdefg	abcdefg	abcdefg	abcdefg	abcdefg	abcdefg	abcdefg	abcdefg	abcdefg	abcdefg	abcdefg	abcdefg	abcdefg	Evolutionary_biology	Genetic_engineering	Molecular_engineering	Systems_biology	BioBrick	Degenerate_bases	Oligonucleotide_synthesis	Xeno_Nucleic_Acid	Morpholino	Nucleotides	Nucleic_acid_analogue	Nucleic_acid_analogue	Nucleic_acid_analogue	abcdefg	abcdefg	Genetic_code	Codon	Amino_acid	Proteinogenic_amino_acids	Translation_(biology)	Non-proteinogenic_amino_acids	Non-proteinogenic_amino_acids	abcdefg	abcdefg	abcdefg	Origin_of_life	abcdefg	abcdefg	abcdefg	abcdefg	DNA_and_Cell_Biology	Election_Law_Journal	Journal_of_Women%27s_Health	Journal_of_Alternative_and_Complementary_Medicine	Rejuvenation_Research	abcdefg	abcdefg	abcdefg	abcdefg	abcdefg	Outline_of_evolution	Evolution_(disambiguation)	Introduction_to_evolution	Genetic_divergence	Common_descent	abcdefg	abcdefg	abcdefg	abcdefg	abcdefg	Mythology	Cosmogonical	Cosmos	Chaos_(cosmogony)	Religion	Precambrian_(album)	Geologic_time_scale	Hadean	Archean	Proterozoic	Biofilm	Microbial_mat	Cyanobacteria	Timeline_of_the_evolutionary_history_of_life	Unicellular_life	Cyanobacterium_(genus)	Archean	Proterozoic	Roger_Stanier	Chroococcales	Earth_(disambiguation)	The_Blue_Marble	Apollo_17	Epoch_(astronomy)	J2000.0	The_Universe_(Dubai)	Universes_(theatre_ensemble)	Universum_(disambiguation)	Youniverse_(disambiguation)	abcdefg	Outer_space	Hubble_Deep_Field	Wide_Field_Camera_3	Hubble_Deep_Field	Hubble_Deep_Field	Gravitation	Observable_universe	Galaxy_cluster	Galaxy_cluster	Large-scale_structure_of_the_Cosmos	Dark_matter	abcdefg	abcdefg	abcdefg	abcdefg	abcdefg	abcdefg	abcdefg	abcdefg	abcdefg	Planets	Star	Milky_Way	Extrasolar_Planets_Encyclopedia	Jupiter	SETI@home	Life_in_the_Solar_System	Interstellar_communication	Breakthrough_Initiatives	Philip_Morrison	ATA_(disambiguation)	SETI_Institute	Radio_Astronomy_Laboratory	Hat_Creek_Radio_Observatory	Gregorian_telescope	Mars_Science_Laboratory	Timeline_of_Mars_Science_Laboratory	Mount_Sharp	Mars	Rover_(space_exploration)	Mars_(mythology)	Mars_(disambiguation)	List_of_adjectivals_and_demonyms_of_astronomical_bodies	Martian	Astronomical_unit	abcdefg	abcdefg	abcdefg	abcdefg	abcdefg	abcdefg	abcdefg	abcdefg	abcdefg	abcdefg	abcdefg	abcdefg	abcdefg	abcdefg	abcdefg	abcdefg	abcdefg	abcdefg	abcdefg	abcdefg	abcdefg	abcdefg	abcdefg	abcdefg	abcdefg	abcdefg	abcdefg	abcdefg	abcdefg	abcdefg	abcdefg	abcdefg	abcdefg	abcdefg	abcdefg	abcdefg	abcdefg	abcdefg	abcdefg	abcdefg	abcdefg	abcdefg	abcdefg	abcdefg	abcdefg	abcdefg	abcdefg	abcdefg	abcdefg	abcdefg	Programming_language_theory	Computational_complexity_theory	Computer_graphics_(computer_science)	Human%E2%80%93computer_interaction	Computation	Normal_distribution	Standardized_testing_(statistics)	Standard_deviations	Scatter_plot	Analysis	History_of_biochemistry	Cell_biology	Bioinformatics	Enzymology	Genetics	Genetics_(journal)	Introduction_to_genetics	DNA	RNA	Genome	Genomics_(journal)	DNA	RNA	Genome	Heredity	Second_International_Eugenics_Conference	Sterilization_(medicine)	Frederick_Osborn	History_of_eugenics	Eugenics_in_the_United_States	Public_university	Anne,_Princess_Royal	University_of_London	Provost_(education)	Michael_Arthur_(academic)	Colleges_of_the_University_of_Cambridge	University_of_Cambridge	Provost_(college)	Michael_Proctor_(academic)	List_of_Oxbridge_sister_colleges	abcdefg	abcdefg	abcdefg	abcdefg	abcdefg	Galton_(disambiguation)	West_Midlands_(region)	Sociology	King%27s_College_London	William_Hopkins	abcdefg	abcdefg	abcdefg	abcdefg	abcdefg	abcdefg	abcdefg	abcdefg	abcdefg	abcdefg	abcdefg	abcdefg	abcdefg	abcdefg	abcdefg	abcdefg	abcdefg	abcdefg	abcdefg	abcdefg	abcdefg	abcdefg	abcdefg	abcdefg	abcdefg	abcdefg	abcdefg	abcdefg	abcdefg	abcdefg	abcdefg	abcdefg	abcdefg	abcdefg	abcdefg	abcdefg	abcdefg	abcdefg	abcdefg	abcdefg	abcdefg	abcdefg	abcdefg	abcdefg	abcdefg	abcdefg	abcdefg	abcdefg	abcdefg	abcdefg	abcdefg	abcdefg	abcdefg	abcdefg	abcdefg	FRSA	City_of_Oxford_High_School_for_Boys	Ali_G	Royal_Institution_Christmas_Lectures	Higginson_Lecture	National_Center_for_Biotechnology_Information	Evidence_of_common_descent	Adaptation	Phylogenetic_tree	Biodiversity	abcdefg	abcdefg	abcdefg	abcdefg	abcdefg	abcdefg	abcdefg	abcdefg	abcdefg	abcdefg	Engineering_science_and_mechanics	Environmental_Engineering_Science	Index_of_engineering_science_and_mechanics_articles	Engineering_mathematics	Environmental_engineering_science	Engineering_(disambiguation)	Invention	Design	Maintenance,_repair,_and_operations	Structural_engineering	Respiratory_monitoring	Anesthetic_machine	Anesthetic_machine	Operating_room	Display_device	Academic_discipline	Interdiscipline	List_of_academic_disciplines	Academic_discipline	Transdisciplinarity	Engineers	Applied_science	Applied_research	Technology	Industry	Merchandise	Industry	Finished_good	Mass_production	Product_(business)	abcdefg	abcdefg	abcdefg	abcdefg	abcdefg	North_Carolina_State_University	Golden_LEAF_Foundation	NCBioImpact	North_Carolina_State_University_Centennial_Campus	North_Carolina_State_University	abcdefg	abcdefg	abcdefg	abcdefg	abcdefg	abcdefg	abcdefg	abcdefg	abcdefg	abcdefg	Medication_(disambiguation)	Drug	Medical_diagnosis	Pharmacotherapy	Pharmacology	Medication	abcdefg	abcdefg	abcdefg	abcdefg	Academic_medicine	abcdefg	abcdefg	abcdefg	abcdefg	Medical_Officer_for_Health	Doctor_(disambiguation)	Physicist	Health_care	Bachelor_of_Medicine,_Bachelor_of_Surgery	Auscultation	Heart_sounds	Sphygmomanometer	Blood_pressure	Ren%C3%A9_Laennec	abcdefg	abcdefg	abcdefg	abcdefg	abcdefg	abcdefg	abcdefg	abcdefg	abcdefg	abcdefg	abcdefg	abcdefg	abcdefg	abcdefg	abcdefg	abcdefg	abcdefg	abcdefg	abcdefg	abcdefg	abcdefg	abcdefg	abcdefg	abcdefg	abcdefg	abcdefg	abcdefg	abcdefg	abcdefg	abcdefg	abcdefg	abcdefg	abcdefg	abcdefg	abcdefg	abcdefg	abcdefg	abcdefg	abcdefg	abcdefg	abcdefg	abcdefg	abcdefg	abcdefg	abcdefg	abcdefg	abcdefg	abcdefg	abcdefg	abcdefg	abcdefg	abcdefg	abcdefg	abcdefg	abcdefg	abcdefg	abcdefg	abcdefg	abcdefg	abcdefg	abcdefg	abcdefg	abcdefg	abcdefg	abcdefg	abcdefg	abcdefg	abcdefg	abcdefg	abcdefg	abcdefg	abcdefg	abcdefg	abcdefg	abcdefg	abcdefg	abcdefg	abcdefg	abcdefg	abcdefg	abcdefg	abcdefg	abcdefg	abcdefg	abcdefg	abcdefg	abcdefg	abcdefg	abcdefg	abcdefg	abcdefg	abcdefg	abcdefg	abcdefg	abcdefg	abcdefg	abcdefg	abcdefg	abcdefg	abcdefg	abcdefg	abcdefg	abcdefg	abcdefg	abcdefg	abcdefg	abcdefg	abcdefg	abcdefg	abcdefg	abcdefg	abcdefg	abcdefg	abcdefg	abcdefg	abcdefg	abcdefg	abcdefg	abcdefg	abcdefg	abcdefg	abcdefg	abcdefg	abcdefg	abcdefg	abcdefg	abcdefg	abcdefg	abcdefg	abcdefg	abcdefg	abcdefg	abcdefg	abcdefg	abcdefg	abcdefg	abcdefg	abcdefg	abcdefg	abcdefg	abcdefg	abcdefg	abcdefg	abcdefg	abcdefg	abcdefg	abcdefg	abcdefg	abcdefg	abcdefg	abcdefg	abcdefg	abcdefg	abcdefg	abcdefg	abcdefg	abcdefg	abcdefg	abcdefg	abcdefg	abcdefg	abcdefg	abcdefg	abcdefg	abcdefg	abcdefg	abcdefg	abcdefg	abcdefg	abcdefg	abcdefg	abcdefg	abcdefg	abcdefg	abcdefg	abcdefg	abcdefg	abcdefg	abcdefg	abcdefg	abcdefg	abcdefg	abcdefg	abcdefg	abcdefg	abcdefg	abcdefg	abcdefg	abcdefg	abcdefg	abcdefg	abcdefg	abcdefg	abcdefg	abcdefg	abcdefg	abcdefg	abcdefg	abcdefg	abcdefg	abcdefg	abcdefg	abcdefg	abcdefg	abcdefg	abcdefg	abcdefg	abcdefg	abcdefg	abcdefg	abcdefg	abcdefg	abcdefg	abcdefg	abcdefg	abcdefg	abcdefg	abcdefg	abcdefg	abcdefg	abcdefg	abcdefg	abcdefg	abcdefg	abcdefg	abcdefg	abcdefg	abcdefg	abcdefg	abcdefg	abcdefg	abcdefg	abcdefg	abcdefg	abcdefg	abcdefg	abcdefg	abcdefg	abcdefg	abcdefg	abcdefg	abcdefg	abcdefg	abcdefg	abcdefg	abcdefg	abcdefg	abcdefg	abcdefg	abcdefg	abcdefg	abcdefg	abcdefg	abcdefg	abcdefg	abcdefg	abcdefg	abcdefg	abcdefg	abcdefg	abcdefg	abcdefg	abcdefg	abcdefg	abcdefg	abcdefg	abcdefg	abcdefg	abcdefg	abcdefg	abcdefg	abcdefg	abcdefg	abcdefg	abcdefg	abcdefg	abcdefg	abcdefg	abcdefg	abcdefg	abcdefg	abcdefg	abcdefg	abcdefg	abcdefg	abcdefg	abcdefg	abcdefg	abcdefg	abcdefg	abcdefg	abcdefg	abcdefg	abcdefg	abcdefg	abcdefg	abcdefg	abcdefg	abcdefg	abcdefg	abcdefg	abcdefg	abcdefg	abcdefg	abcdefg	abcdefg	abcdefg	abcdefg	abcdefg	abcdefg	abcdefg	abcdefg	abcdefg	abcdefg	abcdefg	abcdefg	abcdefg	abcdefg	abcdefg	abcdefg	abcdefg	abcdefg	abcdefg	abcdefg	abcdefg	abcdefg	abcdefg	abcdefg	abcdefg	abcdefg	abcdefg	abcdefg	abcdefg	abcdefg	abcdefg	abcdefg	abcdefg	abcdefg	abcdefg	abcdefg	abcdefg	abcdefg	abcdefg	abcdefg	abcdefg	abcdefg	abcdefg	abcdefg	abcdefg	abcdefg	abcdefg	abcdefg	abcdefg	abcdefg	abcdefg	abcdefg	abcdefg	abcdefg	abcdefg	abcdefg	abcdefg	abcdefg	abcdefg	abcdefg	abcdefg	abcdefg	abcdefg	abcdefg	abcdefg	abcdefg	abcdefg	abcdefg	abcdefg	abcdefg	abcdefg	abcdefg	abcdefg	abcdefg	abcdefg	abcdefg	abcdefg	abcdefg	abcdefg	abcdefg	abcdefg	abcdefg	abcdefg	abcdefg	abcdefg	abcdefg	abcdefg	abcdefg	abcdefg	abcdefg	abcdefg	abcdefg	abcdefg	abcdefg	abcdefg	abcdefg	abcdefg	abcdefg	abcdefg	abcdefg	abcdefg	abcdefg	abcdefg	abcdefg	abcdefg	abcdefg	abcdefg	abcdefg	abcdefg	abcdefg	abcdefg	abcdefg	abcdefg	abcdefg	abcdefg	abcdefg	abcdefg	abcdefg	abcdefg	abcdefg	abcdefg	abcdefg	abcdefg	abcdefg	abcdefg	abcdefg	abcdefg	abcdefg	abcdefg	abcdefg	abcdefg	abcdefg	abcdefg	abcdefg	abcdefg	abcdefg	abcdefg	abcdefg	abcdefg	abcdefg	abcdefg	abcdefg	abcdefg	abcdefg	abcdefg	abcdefg	abcdefg	abcdefg	abcdefg	abcdefg	abcdefg	abcdefg	abcdefg	abcdefg	abcdefg	abcdefg	abcdefg	abcdefg	abcdefg	abcdefg	abcdefg	abcdefg	abcdefg	abcdefg	abcdefg	abcdefg	abcdefg	abcdefg	abcdefg	abcdefg	abcdefg	abcdefg	abcdefg	abcdefg	abcdefg	abcdefg	abcdefg	abcdefg	abcdefg	abcdefg	abcdefg	abcdefg	abcdefg	abcdefg	abcdefg	abcdefg	abcdefg	abcdefg	abcdefg	abcdefg	abcdefg	abcdefg	abcdefg	abcdefg	abcdefg	abcdefg	abcdefg	abcdefg	abcdefg	abcdefg	abcdefg	abcdefg	abcdefg	abcdefg	abcdefg	abcdefg	abcdefg	abcdefg	abcdefg	abcdefg	abcdefg	abcdefg	abcdefg	abcdefg	abcdefg	abcdefg	abcdefg	abcdefg	abcdefg	abcdefg	abcdefg	abcdefg	abcdefg	abcdefg	abcdefg	abcdefg	abcdefg	abcdefg	abcdefg	abcdefg	abcdefg	abcdefg	abcdefg	abcdefg	abcdefg	abcdefg	abcdefg	abcdefg	abcdefg	abcdefg	abcdefg	abcdefg	abcdefg	abcdefg	abcdefg	abcdefg	abcdefg	abcdefg	abcdefg	abcdefg	abcdefg	abcdefg	abcdefg	abcdefg	abcdefg	abcdefg	abcdefg	abcdefg	abcdefg	abcdefg	abcdefg	abcdefg	abcdefg	abcdefg	abcdefg	abcdefg	abcdefg	abcdefg	abcdefg	abcdefg	abcdefg	abcdefg	abcdefg	abcdefg	abcdefg	abcdefg	abcdefg	abcdefg	abcdefg	abcdefg	abcdefg	abcdefg	abcdefg	abcdefg	abcdefg	abcdefg	abcdefg	abcdefg	abcdefg	abcdefg	abcdefg	abcdefg	abcdefg	abcdefg	abcdefg	abcdefg	abcdefg	abcdefg	abcdefg	abcdefg	abcdefg	abcdefg	abcdefg	abcdefg	abcdefg	abcdefg	abcdefg	abcdefg	abcdefg	abcdefg	abcdefg	abcdefg	abcdefg	abcdefg	abcdefg	abcdefg	abcdefg	abcdefg	abcdefg	abcdefg	abcdefg	Introduction_to_genetics	DNA_(disambiguation)	Double_helix	Double_helix	Molecule	Chromatin	Telophase	Mitosis	Cell_cycle	Cell_(biology)	Meiosis	Miosis	Myositis	Animal_cell	Chromosome	History_of_biochemistry	Enzymology	Immunology	Phytochemistry	Structural_biology	Cell_(biology)	Organelles	Organelles	Golgi_apparatus	Cytoskeleton	abcdefg	abcdefg	abcdefg	abcdefg	abcdefg	Ribosome	Vesicle_(biology_and_chemistry)	Rough_endoplasmic_reticulum	Golgi_apparatus	Cytoskeleton	Vesicle_(biology_and_chemistry)	Rough_endoplasmic_reticulum	Golgi_apparatus	Cytoskeleton	Smooth_endoplasmic_reticulum	Liposome	Plasma_membrane	Organelles	Cytosol	James_Rothman	Rough_endoplasmic_reticulum	Golgi_apparatus	Cytoskeleton	Smooth_endoplasmic_reticulum	Vacuole	Histology	Nomina_Anatomica	Federative_International_Committee_on_Anatomical_Terminology	Histology	Stem_cells	abcdefg	abcdefg	abcdefg	abcdefg	abcdefg	abcdefg	abcdefg	abcdefg	abcdefg	abcdefg	abcdefg	abcdefg	abcdefg	abcdefg	abcdefg	abcdefg	abcdefg	abcdefg	abcdefg	abcdefg	Geologic_time_scale	Hadean	Proterozoic	Phanerozoic	Eoarchean	abcdefg	abcdefg	abcdefg	abcdefg	abcdefg	Halobacterium	Halobacterium	Euryarchaeota	Halobacteriales	Euryarchaeota	abcdefg	abcdefg	abcdefg	abcdefg	abcdefg	Eukaryote	Eukaryote	Thomas_Cavalier-Smith	Thomas_Cavalier-Smith	Gracilicutes	Escherichia_coli	Bacterial_taxonomy	abcdefg	abcdefg	abcdefg	abcdefg	abcdefg	abcdefg	abcdefg	abcdefg	abcdefg	abcdefg	abcdefg	abcdefg	abcdefg	abcdefg	abcdefg	abcdefg	abcdefg	abcdefg	Entamoeba_coli	Pathogenic_Escherichia_coli	Escherichia_coli_(molecular_biology)	Eubacteria	Proteobacteria	abcdefg	abcdefg	abcdefg	abcdefg	abcdefg	abcdefg	abcdefg	abcdefg	abcdefg	abcdefg	abcdefg	abcdefg	abcdefg	abcdefg	abcdefg	abcdefg	abcdefg	abcdefg	abcdefg	abcdefg	abcdefg	abcdefg	abcdefg	abcdefg	abcdefg	Cell_(disambiguation)	Eukaryotic	Cell_division	Cytoplasm	Cell_membrane	Hadean	Proterozoic	Phanerozoic	Caenorhabditis_elegans	Animal	Flagellum	Excavate	Green_alga	Flagellum	Protist	Blepharisma_japonicum	Ciliate	Amoeba	Eukaryotic	Animal	Eukaryotic_Cell_(journal)	%C3%89douard_Chatton	Plant	Animal	Protista	Virology_(journal)	Virology_Journal	Virus	Virus_classification	Bacterium	Phytopathology	Botany	Elias_Magnus_Fries	Christian_Hendrik_Persoon	Lewis_David_von_Schweinitz	abcdefg	abcdefg	abcdefg	abcdefg	abcdefg	Ordovician	Carboniferous	Permian	Aspergillus	Eukaryote	Excavate	Microscopic_organisms	Slime_mold	Excavata	Excavata	abcdefg	abcdefg	abcdefg	abcdefg	abcdefg	abcdefg	abcdefg	abcdefg	abcdefg	abcdefg	abcdefg	abcdefg	abcdefg	abcdefg	abcdefg	abcdefg	abcdefg	abcdefg	abcdefg	abcdefg	abcdefg	abcdefg	abcdefg	abcdefg	abcdefg	abcdefg	abcdefg	abcdefg	abcdefg	abcdefg	abcdefg	abcdefg	abcdefg	abcdefg	abcdefg	abcdefg	abcdefg	abcdefg	abcdefg	abcdefg	abcdefg	abcdefg	abcdefg	abcdefg	abcdefg	abcdefg	abcdefg	abcdefg	abcdefg	abcdefg	Black_Death_(disambiguation)	Pandemic	History_of_the_world	Europe	Yersinia_pestis	Bubo_(disambiguation)	Chancroid	abcdefg	abcdefg	abcdefg	Infection	Disease	List_of_microbiota_species_of_the_lower_reproductive_tract_of_women	Bacterial_pneumonia	Impetigo	Proteobacteria	Gammaproteobacteria	Enterobacteriaceae	Enterobacteriaceae	Yersinia	Plague_(disease)	Pneumonic_plague	Pneumonic_plague	Pneumonic_plague	abcdefg	Shiny_cowbird	Rufous-collared_sparrow	Eastern_phoebe	Brown-headed_cowbird	Bird	Crustacean	Isopoda	Cymothoidae	Cymothoa	Isopoda	Microparasite	Parasitism#Types	Parasitism#Types	Microparasite	Parasitism	Parasitism	Intracellular_parasite	abcdefg	abcdefg	abcdefg	abcdefg	abcdefg	abcdefg	abcdefg	abcdefg	Mutualism_(economic_theory)	Mutualism_(movement)	abcdefg	abcdefg	abcdefg	Pollen	Fertilization	Seed_plants	Seed	Spermatophyte	Genetic_divergence	Common_descent	Introduction_to_evolution	Common_descent	Evidence_of_common_descent	Ecology	Competition_(biology)	Intraspecific_competition	Prey	Abiotic_component	Cleaning_symbiosis	Cleaning_symbiosis	Parasitism	abcdefg	abcdefg	Proteobacteria	Alphaproteobacteria	Rhizobiales	Rhizobiaceae	Soil	Agrobacterium_tumefaciens	Alphaproteobacteria	Rhizobiales	Agrobacterium	Allorhizobium	Soil_(disambiguation)	Pedology_(soil_study)	Topsoil	Regolith	Saprolite	Nitrogen	Ammonia	Nitrogen_cycle	Fertilizer	Plant	Liquid_nitrogen	Chemical_symbol	Periodic_table	Hydrogen	Helium	Reservoir	abcdefg	abcdefg	abcdefg	abcdefg	Infection	Symptom	Illness	Infect	Asymptomatic#Types	Armadillo_(disambiguation)	Nine-banded_armadillo	Mammal	Xenarthra	Cingulata	Giemsa	Tropical_disease	Parasitic_disease	Trypanosoma_cruzi	Triatominae	Bat_(disambiguation)	Eocene	Tadarida_brasiliensis	Myotis_myotis	Rhinolophus_ferrumequinum	abcdefg	abcdefg	abcdefg	abcdefg	abcdefg	abcdefg	abcdefg	abcdefg	abcdefg	abcdefg	abcdefg	abcdefg	abcdefg	abcdefg	abcdefg	abcdefg	abcdefg	abcdefg	abcdefg	abcdefg	abcdefg	abcdefg	abcdefg	abcdefg	abcdefg	Agaricales	Dikarya	Basidiomycota	Agaricomycotina	Agaricomycetidae	Agaricus_campestris	Agaricaceae	Agaricomycetidae	List_of_Agaricales_families	List_of_Agaricales_genera	Amanita	Catatrama	Limacella	Saproamanita	Torrendia	List_of_Amanita_species	Mushrooms	Mushroom_poisoning	Death_cap	%CE%91-amanitin	Hymenophore	Fungal	Ascus	Basidiomycetes	Paraphyses	abcdefg	abcdefg	abcdefg	abcdefg	abcdefg	Dikarya	Pezizomycotina	Arthoniomycetes	Dothideomycetes	Eurotiomycetes	Pezizales	Sarcoscypha	Aurophora	Cookeina	Geodina	Skyphos	Marin_Molliard	Sarcoscypha_austriaca	Sarcoscypha_occidentalis	Sarcoscypha_dudleyi	abcdefg	abcdefg	abcdefg	abcdefg	abcdefg	Slime_bacteria	Molds	Diachea_leucopodia	Stemonitis_fusca	Fuligo_septica	Molding_(disambiguation)	abcdefg	abcdefg	abcdefg	abcdefg	Hyphy	Penicillium	Spitzenk%C3%B6rper	Spitzenk%C3%B6rper	Arbuscular_mycorrhiza	Baker%27s_yeast	Saccharomycotina	Taphrinomycotina	Schizosaccharomycetes	Agaricomycotina	Hypha	Fairy_rings	Homokaryotic	Sporocarp_(fungi)	Mushroom	Chytridiales	Rhizophydiales	Spizellomycetales	Rhynie_chert	Neocallimastigomycota	Chytridiaceae	Chytriomycetaceae	Ichthyochytrium	Mucophilus	abcdefg	Rhizophydium_graminis	Batrachochytrium_dendrobatidis	Batrachochytrium_salamandrivorans	Batrachochytrium	abcdefg	abcdefg	abcdefg	abcdefg	abcdefg	abcdefg	abcdefg	abcdefg	abcdefg	abcdefg	abcdefg	abcdefg	abcdefg	abcdefg	abcdefg	abcdefg	abcdefg	abcdefg	abcdefg	abcdefg	abcdefg	abcdefg	abcdefg	abcdefg	abcdefg	abcdefg	abcdefg	abcdefg	abcdefg	abcdefg	abcdefg	abcdefg	abcdefg	abcdefg	abcdefg	abcdefg	abcdefg	abcdefg	abcdefg	abcdefg	abcdefg	abcdefg	abcdefg	abcdefg	abcdefg	abcdefg	abcdefg	abcdefg	abcdefg	abcdefg	abcdefg	abcdefg	abcdefg	abcdefg	abcdefg	abcdefg	abcdefg	abcdefg	abcdefg	abcdefg	abcdefg	abcdefg	abcdefg	abcdefg	abcdefg	abcdefg	abcdefg	abcdefg	abcdefg	abcdefg	abcdefg	abcdefg	abcdefg	abcdefg	abcdefg	abcdefg	abcdefg	abcdefg	abcdefg	abcdefg	abcdefg	abcdefg	abcdefg	abcdefg	abcdefg	abcdefg	abcdefg	abcdefg	abcdefg	abcdefg	abcdefg	abcdefg	abcdefg	abcdefg	abcdefg	abcdefg	abcdefg	abcdefg	abcdefg	abcdefg	abcdefg	abcdefg	abcdefg	abcdefg	abcdefg	abcdefg	abcdefg	abcdefg	abcdefg	abcdefg	abcdefg	abcdefg	abcdefg	abcdefg	abcdefg	abcdefg	abcdefg	abcdefg	abcdefg	abcdefg	abcdefg	abcdefg	abcdefg	abcdefg	abcdefg	abcdefg	abcdefg	abcdefg	abcdefg	abcdefg	abcdefg	abcdefg	abcdefg	abcdefg	abcdefg	abcdefg	Geography_(disambiguation)	Eratosthenes	Area_studies	Human_geography	Physical_geography	Economics_(disambiguation)	Economic_Theory_(journal)	Outline_of_economics	Index_of_economics_articles	Outline_of_economics	abcdefg	abcdefg	abcdefg	abcdefg	abcdefg	Education	Scientific_method	Space_science	Thomas_Henry_Huxley	Thomas_Henry_Huxley#Educational_influence	abcdefg	abcdefg	abcdefg	abcdefg	abcdefg	abcdefg	abcdefg	abcdefg	abcdefg	abcdefg	abcdefg	abcdefg	abcdefg	abcdefg	abcdefg	abcdefg	abcdefg	abcdefg	abcdefg	abcdefg	Applied_research	Food_chemistry	Materials_science	Ecology	Biological_engineering	abcdefg	abcdefg	abcdefg	abcdefg	abcdefg	abcdefg	abcdefg	abcdefg	abcdefg	abcdefg	abcdefg	abcdefg	abcdefg	abcdefg	abcdefg	abcdefg	abcdefg	abcdefg	abcdefg	abcdefg	abcdefg	abcdefg	abcdefg	abcdefg	abcdefg	abcdefg	abcdefg	abcdefg	abcdefg	abcdefg	Earth%27s_spheres	abcdefg	abcdefg	abcdefg	abcdefg	List_of_academic_disciplines_and_sub-disciplines#Social_sciences	Anthropology	Archaeology	Civics	Criminology	Aquaculture	Architectural_engineering	Computing_technology	Electronics	Energy_technology	abcdefg	abcdefg	abcdefg	abcdefg	abcdefg	abcdefg	abcdefg	abcdefg	abcdefg	abcdefg	Naturphilosophie	Philosophy	Nature	Modern_science	Isaac_Newton	abcdefg	abcdefg	abcdefg	abcdefg	abcdefg	History_of_Science_(journal)	Sociology_of_the_history_of_science	Historiography_of_science	History_of_pseudoscience	History_of_science_in_early_cultures	abcdefg	abcdefg	abcdefg	abcdefg	abcdefg	abcdefg	abcdefg	abcdefg	abcdefg	abcdefg	abcdefg	abcdefg	abcdefg	abcdefg	abcdefg	abcdefg	abcdefg	abcdefg	abcdefg	abcdefg	abcdefg	abcdefg	abcdefg	abcdefg	abcdefg	abcdefg	abcdefg	abcdefg	abcdefg	abcdefg	abcdefg	abcdefg	abcdefg	abcdefg	abcdefg	Dominic_Tildesley	Chemical_Society	Royal_Institute_of_Chemistry	Faraday_Society	Society_for_Analytical_Chemistry	abcdefg	abcdefg	abcdefg	abcdefg	abcdefg	New_Journal_of_Chemistry	Chemical_Society_Reviews	Fellow_of_the_Royal_Society_of_Chemistry	Honorary_Fellows_of_the_Royal_Society_of_Chemistry	List_of_Royal_Society_of_Chemistry_medals_and_awards	Fellow_of_the_Royal_Society_of_Chemistry	Honorary_Fellows_of_the_Royal_Society_of_Chemistry	List_of_Royal_Society_of_Chemistry_medals_and_awards	Applied_Catalysis_Award	Beilby_Medal_and_Prize	abcdefg	abcdefg	abcdefg	abcdefg	abcdefg	Alchemist_(disambiguation)	Alchemy_(disambiguation)	Kimiya-yi_sa%27%C4%81dat	Protoscience	Chrysopoeia	abcdefg	abcdefg	abcdefg	abcdefg	abcdefg	Chemist_(disambiguation)	Scientist	Chemical_reaction	Pharmacists	Chemistry#Subdisciplines	Lavoisier_(disambiguation)	French_First_Republic	Picpus_Cemetery	%C3%89leuth%C3%A8re_Ir%C3%A9n%C3%A9e_du_Pont	Combustion	Thermodynamics	Thermodynamics	Equilibrium_thermodynamics	Non-equilibrium_thermodynamics	Laws_of_thermodynamics	abcdefg	abcdefg	abcdefg	abcdefg	abcdefg	Chemistry#Chemical_laws	Glossary_of_areas_of_mathematics	Glossary_of_biology	Glossary_of_engineering	Glossary_of_physics	abcdefg	abcdefg	abcdefg	abcdefg	abcdefg	abcdefg	abcdefg	abcdefg	abcdefg	abcdefg	abcdefg	abcdefg	abcdefg	abcdefg	abcdefg	abcdefg	abcdefg	abcdefg	abcdefg	abcdefg	abcdefg	abcdefg	abcdefg	abcdefg	abcdefg	abcdefg	abcdefg	abcdefg	abcdefg	abcdefg	abcdefg	abcdefg	abcdefg	abcdefg	abcdefg	abcdefg	abcdefg	abcdefg	abcdefg	abcdefg	Kalmbach_Publishing	Kalmbach_Publishing	Odyssey_(children%27s_magazine)	Sky_%26_Telescope	Kalmbach_Publishing	abcdefg	abcdefg	abcdefg	abcdefg	abcdefg	abcdefg	abcdefg	abcdefg	abcdefg	abcdefg	abcdefg	abcdefg	abcdefg	abcdefg	abcdefg	abcdefg	abcdefg	abcdefg	abcdefg	abcdefg	Hubbell_(disambiguation)	abcdefg	abcdefg	abcdefg	abcdefg	Space_Shuttle_Discovery	STS-120	United_Space_Alliance	Thiokol	Alliant_Techsystems	STS-122	International_Space_Station	Orbiter_Vehicle_Designation	RV_Atlantis	STS-51-J	Scott_Altman	Gregory_C._Johnson	Michael_T._Good	Megan_McArthur	John_M._Grunsfeld	Observatory#Ground-based_observatories	Orbiting_Astronomical_Observatory	Observatory#Ground-based_observatories	Chandra_observatory	XMM-Newton	Planet_(magazine)	Planet_Magazine	The_Planets	abcdefg	abcdefg	Star_system	Planetary_system	Sun	List_of_gravitationally_rounded_objects_of_the_Solar_System#Planets	Local_Interstellar_Cloud	Mercury_(planet)	Venus	Inner_planets	Sun	Mercury_(planet)	Mercury_(disambiguation)	MESSENGER	List_of_adjectivals_and_demonyms_of_astronomical_bodies	Astronomical_unit	Orbital_eccentricity	Venus_(disambiguation)	Mariner_10	Sulfuric_acid	List_of_adjectivals_and_demonyms_of_astronomical_bodies	Venusian_(disambiguation)	Moon_(disambiguation)	Full_Moon	Northern_hemisphere	List_of_adjectivals_and_demonyms_of_astronomical_bodies	Osculating_orbit	Saturn_(disambiguation)	Cassini%E2%80%93Huygens	Equinox	Titan_(moon)	List_of_adjectivals_and_demonyms_of_astronomical_bodies	Titania_(moon)	Triton_(moon)	Christiaan_Huygens	List_of_adjectivals_and_demonyms_of_astronomical_bodies	Surface_gravity	Orbit_(disambiguation)	Barycentric_coordinates_(astronomy)	Gravitationally	Elliptical	General_theory_of_relativity	Dwarf_planet	Sun	Comet	Dwarf_planet	Trojan_(astronomy)	abcdefg	abcdefg	abcdefg	abcdefg	abcdefg	NEAR_Shoemaker	Johann_Palisa	Asteroid_belt	C-type_asteroid	Asteroid_belt	D-type_asteroid	Asteroid_belt	S-type_asteroid	324_Bamberga	10_Hygiea	Near-Earth_asteroid	433_Eros	Applied_Physics_Laboratory	Delta_II	433_Eros	abcdefg	abcdefg	abcdefg	abcdefg	abcdefg	abcdefg	abcdefg	abcdefg	abcdefg	abcdefg	abcdefg	abcdefg	abcdefg	abcdefg	abcdefg	abcdefg	abcdefg	abcdefg	abcdefg	abcdefg	abcdefg	abcdefg	abcdefg	abcdefg	abcdefg	abcdefg	abcdefg	abcdefg	abcdefg	abcdefg	abcdefg	abcdefg	abcdefg	abcdefg	abcdefg	abcdefg	abcdefg	abcdefg	abcdefg	abcdefg	abcdefg	abcdefg	abcdefg	abcdefg	abcdefg	abcdefg	abcdefg	abcdefg	abcdefg	abcdefg	abcdefg	abcdefg	abcdefg	abcdefg	abcdefg	abcdefg	abcdefg	abcdefg	abcdefg	abcdefg	Green_Chemistry_(journal)	Atom_economy	Catalysis	Green_Chemistry_(journal)	Paul_Anastas	Atmospheric_sciences	Atmospheric_physics	Meteorology	Climatology	Climate	Gas_chromatography	Separation_process	Analyte	Qualitative_inorganic_analysis	Quantitative_analysis_(chemistry)	Environment_(biophysical)	Human_impact_on_the_environment	Environmentalism	Environmental_studies	Environmental_education	abcdefg	abcdefg	abcdefg	abcdefg	abcdefg	abcdefg	abcdefg	abcdefg	abcdefg	abcdefg	abcdefg	abcdefg	abcdefg	abcdefg	abcdefg	abcdefg	abcdefg	abcdefg	abcdefg	abcdefg	abcdefg	abcdefg	abcdefg	abcdefg	abcdefg	Second_law_of_motion	Inertia	Newton%27s_laws_of_motion	Newton%27s_laws_of_motion	Newton%27s_second_law	Solid_mechanics	Stress_(mechanics)	Deformation_(mechanics)	Compatibility_(mechanics)	Finite_strain_theory	Stress_(mechanics)	Deformation_(mechanics)	Compatibility_(mechanics)	Finite_strain_theory	Infinitesimal_strain_theory	Photoelasticity	Force	Deformation_(mechanics)#Strain	Solid	Liquid	Deformation_(engineering)	Compatibility_(mechanics)	Finite_strain_theory	Infinitesimal_strain_theory	Elasticity_(physics)	abcdefg	abcdefg	abcdefg	abcdefg	abcdefg	abcdefg	abcdefg	abcdefg	abcdefg	abcdefg	abcdefg	abcdefg	abcdefg	abcdefg	abcdefg	abcdefg	abcdefg	abcdefg	abcdefg	abcdefg	abcdefg	abcdefg	abcdefg	abcdefg	abcdefg	abcdefg	abcdefg	abcdefg	abcdefg	abcdefg	abcdefg	abcdefg	abcdefg	abcdefg	abcdefg	abcdefg	abcdefg	abcdefg	abcdefg	abcdefg	abcdefg	abcdefg	abcdefg	abcdefg	abcdefg	abcdefg	abcdefg	abcdefg	abcdefg	abcdefg	Matter_(philosophy)	abcdefg	abcdefg	abcdefg	abcdefg	Solid	Liquid	Plasma_(physics)	Solid	Liquid	Atom_(disambiguation)	Helium	Atomic_nucleus	Electron_cloud	Picometre	Electromagnetic_radiation	Light_(disambiguation)	Visible_light_(disambiguation)	Electromagnetic_radiation	Electromagnetic_spectrum	Mass_(disambiguation)	Classical_mechanics	Second_law_of_motion	History_of_classical_mechanics	Timeline_of_classical_mechanics	Classical_mechanics	Second_law_of_motion	History_of_classical_mechanics	Timeline_of_classical_mechanics	Applied_mechanics	Distance_(disambiguation)	Metric_(mathematics)	Euclidean_distance	Great-circle_distance	Figure_of_the_Earth	Velocity_(disambiguation)	SI_unit	Second	Classical_mechanics	Second_law_of_motion	Acceleration_(disambiguation)	Accelerate_(disambiguation)	Terminal_velocity	SI_unit	Metre_per_second_squared	Time_(disambiguation)	Coordinated_Universal_Time	Past	Present	Future	abcdefg	abcdefg	abcdefg	abcdefg	abcdefg	History_of_special_relativity	Principle_of_relativity	Theory_of_relativity	Kinematics	Inertial_frame_of_reference	General_Relativity_(book)	Introduction_to_general_relativity	Introduction_to_general_relativity	History_of_general_relativity	Mathematics_of_general_relativity	Introduction_to_general_relativity	History_of_general_relativity	Mathematics_of_general_relativity	Tests_of_general_relativity	World_line	Minkowski_space	Introduction_to_general_relativity	Einstein_field_equations	Newton%27s_law_of_universal_gravitation	Four-vector	abcdefg	abcdefg	abcdefg	abcdefg	abcdefg	abcdefg	abcdefg	abcdefg	abcdefg	abcdefg	abcdefg	abcdefg	abcdefg	abcdefg	abcdefg	abcdefg	abcdefg	abcdefg	abcdefg	abcdefg	abcdefg	abcdefg	abcdefg	abcdefg	abcdefg	Springfield,_Ohio	Life_Magazine	Oneida_Limited	Charles_Dana_Gibson	Nell_Brinkley	People_(magazine)	People_(American_magazine)	People_(magazine)	Abu_Musab_al-Zarqawi	Walter_Isaacson	Clare_Boothe_Luce	Penglai,_Shandong	Clare_Boothe_Luce	Ann_Clare_Brokaw	Time_(magazine)	Journalism	News	News_style	Journalism_ethics_and_standards	Journalistic_objectivity	Roxbury,_Massachusetts	Art_Students_League_of_New_York	Gibson_Girl	Gibson_Girl	Roxbury,_Massachusetts	Cell_Phone_(film)	Smartphone	Telephone	Telephone_call	Public_switched_telephone_network	abcdefg	abcdefg	abcdefg	abcdefg	abcdefg	IP_Multimedia_Subsystem	Verizon_Wireless	HD_voice	Jio	List_of_LTE_networks	Reliance_Industries_Limited	Mukesh_Ambani	Akash_Ambani	Reliance_Industries_Limited	Reliance_Fresh	Conglomerate_(company)	Dhirubhai_Ambani	Mukesh_Ambani	Conglomerate_(company)	Economy_of_India	abcdefg	abcdefg	abcdefg	abcdefg	abcdefg	abcdefg	abcdefg	abcdefg	abcdefg	abcdefg	abcdefg	abcdefg	abcdefg	abcdefg	abcdefg	abcdefg	abcdefg	abcdefg	abcdefg	abcdefg	abcdefg	abcdefg	abcdefg	abcdefg	abcdefg	abcdefg	abcdefg	abcdefg	abcdefg	abcdefg	abcdefg	abcdefg	abcdefg	abcdefg	abcdefg	abcdefg	abcdefg	abcdefg	abcdefg	abcdefg	abcdefg	abcdefg	abcdefg	abcdefg	abcdefg	abcdefg	abcdefg	abcdefg	abcdefg	abcdefg	abcdefg	abcdefg	abcdefg	abcdefg	abcdefg	abcdefg	abcdefg	abcdefg	abcdefg	abcdefg	abcdefg	abcdefg	abcdefg	abcdefg	abcdefg	abcdefg	abcdefg	abcdefg	abcdefg	abcdefg	abcdefg	abcdefg	abcdefg	abcdefg	abcdefg	abcdefg	abcdefg	abcdefg	abcdefg	abcdefg	abcdefg	abcdefg	abcdefg	abcdefg	abcdefg	abcdefg	abcdefg	abcdefg	abcdefg	abcdefg	abcdefg	abcdefg	abcdefg	abcdefg	abcdefg	abcdefg	abcdefg	abcdefg	abcdefg	abcdefg	abcdefg	abcdefg	abcdefg	abcdefg	abcdefg	abcdefg	abcdefg	abcdefg	abcdefg	abcdefg	abcdefg	abcdefg	abcdefg	abcdefg	abcdefg	abcdefg	abcdefg	abcdefg	abcdefg	abcdefg	abcdefg	abcdefg	abcdefg	abcdefg	abcdefg	abcdefg	abcdefg	abcdefg	abcdefg	abcdefg	abcdefg	abcdefg	abcdefg	abcdefg	abcdefg	abcdefg	abcdefg	abcdefg	abcdefg	abcdefg	abcdefg	abcdefg	abcdefg	abcdefg	abcdefg	abcdefg	abcdefg	abcdefg	abcdefg	abcdefg	abcdefg	abcdefg	abcdefg	abcdefg	abcdefg	abcdefg	abcdefg	abcdefg	abcdefg	abcdefg	abcdefg	abcdefg	abcdefg	abcdefg	abcdefg	abcdefg	abcdefg	abcdefg	abcdefg	abcdefg	abcdefg	abcdefg	abcdefg	abcdefg	abcdefg	Anthropomorpha	abcdefg	abcdefg	abcdefg	abcdefg	abcdefg	abcdefg	abcdefg	abcdefg	abcdefg	abcdefg	abcdefg	abcdefg	abcdefg	abcdefg	abcdefg	abcdefg	abcdefg	abcdefg	abcdefg	abcdefg	abcdefg	abcdefg	abcdefg	abcdefg	abcdefg	abcdefg	abcdefg	abcdefg	abcdefg	Biosphere_(disambiguation)	Ecosystem	Geophysiology	Ecology	Lithosphere	abcdefg	abcdefg	abcdefg	abcdefg	abcdefg	abcdefg	abcdefg	abcdefg	abcdefg	abcdefg	abcdefg	abcdefg	abcdefg	abcdefg	abcdefg	abcdefg	abcdefg	abcdefg	abcdefg	abcdefg	abcdefg	abcdefg	abcdefg	abcdefg	abcdefg	abcdefg	abcdefg	abcdefg	abcdefg	abcdefg	abcdefg	abcdefg	abcdefg	abcdefg	abcdefg	abcdefg	abcdefg	abcdefg	abcdefg	abcdefg	abcdefg	abcdefg	abcdefg	abcdefg	abcdefg	abcdefg	abcdefg	abcdefg	abcdefg	abcdefg	abcdefg	abcdefg	abcdefg	abcdefg	abcdefg	abcdefg	abcdefg	abcdefg	abcdefg	abcdefg	abcdefg	abcdefg	abcdefg	abcdefg	abcdefg	abcdefg	abcdefg	abcdefg	abcdefg	abcdefg	abcdefg	abcdefg	abcdefg	abcdefg	abcdefg	abcdefg	abcdefg	abcdefg	abcdefg	abcdefg	abcdefg	abcdefg	abcdefg	abcdefg	abcdefg	abcdefg	abcdefg	abcdefg	abcdefg	abcdefg	abcdefg	abcdefg	abcdefg	abcdefg	abcdefg	abcdefg	abcdefg	abcdefg	abcdefg	abcdefg	abcdefg	abcdefg	abcdefg	abcdefg	abcdefg	abcdefg	abcdefg	abcdefg	abcdefg	abcdefg	abcdefg	abcdefg	abcdefg	abcdefg	abcdefg	abcdefg	abcdefg	abcdefg	abcdefg	abcdefg	abcdefg	abcdefg	abcdefg	abcdefg	abcdefg	abcdefg	abcdefg	abcdefg	abcdefg	abcdefg	abcdefg	abcdefg	abcdefg	abcdefg	abcdefg	abcdefg	abcdefg	abcdefg	abcdefg	abcdefg	abcdefg	abcdefg	abcdefg	abcdefg	abcdefg	abcdefg	abcdefg	abcdefg	abcdefg	abcdefg	abcdefg	abcdefg	abcdefg	abcdefg	abcdefg	abcdefg	abcdefg	abcdefg	abcdefg	abcdefg	abcdefg	abcdefg	abcdefg	abcdefg	abcdefg	abcdefg	abcdefg	abcdefg	abcdefg	abcdefg	abcdefg	abcdefg	abcdefg	abcdefg	abcdefg	abcdefg	abcdefg	abcdefg	abcdefg	abcdefg	abcdefg	abcdefg	abcdefg	abcdefg	abcdefg	abcdefg	abcdefg	abcdefg	abcdefg	abcdefg	abcdefg	abcdefg	abcdefg	abcdefg	abcdefg	abcdefg	abcdefg	abcdefg	abcdefg	abcdefg	abcdefg	abcdefg	abcdefg	abcdefg	abcdefg	abcdefg	abcdefg	abcdefg	abcdefg	abcdefg	abcdefg	abcdefg	abcdefg	abcdefg	abcdefg	abcdefg	abcdefg	abcdefg	abcdefg	abcdefg	Animal	Plantae	Protista	Archaeabacteria	Eubacteria	Biological_classification	Phylum	Animal	Plantae	Protista	Plant_(disambiguation)	Proterozoic	Phanerozoic	Archaeplastida	Extinction	Eukaryote	Stramenopiles	Alveolata	Rhizaria	Stramenopiles	abcdefg	abcdefg	abcdefg	abcdefg	abcdefg	abcdefg	abcdefg	abcdefg	abcdefg	abcdefg	abcdefg	abcdefg	abcdefg	abcdefg	abcdefg	abcdefg	abcdefg	abcdefg	abcdefg	abcdefg	abcdefg	abcdefg	abcdefg	abcdefg	abcdefg	abcdefg	abcdefg	abcdefg	abcdefg	abcdefg	abcdefg	abcdefg	abcdefg	abcdefg	abcdefg	abcdefg	abcdefg	abcdefg	abcdefg	abcdefg	abcdefg	abcdefg	abcdefg	abcdefg	abcdefg	abcdefg	abcdefg	abcdefg	abcdefg	abcdefg	Alpha_taxonomy	Numerical_taxonomy	Taxonomy_(general)	Classification_(disambiguation)	abcdefg	Genus	Back-formation	Biological_classification	Jean-Baptiste_Lamarck	Phylogenetics	abcdefg	abcdefg	abcdefg	abcdefg	abcdefg	Carl_Linnaeus_the_Younger	Linnaeus_(disambiguation)	Alexander_Roslin	%C3%84lmhult_Municipality	Uppsala_Cathedral	Biological_classification	Scientific_classification	abcdefg	abcdefg	abcdefg	Scientific_classification_(disambiguation)	Binomial_nomenclature	Phylogenetics	Cladistics	Systematics	abcdefg	abcdefg	abcdefg	abcdefg	abcdefg	abcdefg	abcdefg	abcdefg	abcdefg	abcdefg	Species_(disambiguation)	Genus	Reproduction	Sexual_reproduction	Species_problem	Genus_(disambiguation)	Family_(biology)	Extant_taxon	Fossil	Family_(taxonomy)	abcdefg	abcdefg	abcdefg	abcdefg	abcdefg	abcdefg	abcdefg	abcdefg	abcdefg	abcdefg	abcdefg	abcdefg	abcdefg	abcdefg	abcdefg	abcdefg	abcdefg	abcdefg	abcdefg	abcdefg	abcdefg	abcdefg	abcdefg	abcdefg	abcdefg	abcdefg	abcdefg	abcdefg	abcdefg	abcdefg	abcdefg	abcdefg	abcdefg	abcdefg	abcdefg	abcdefg	abcdefg	abcdefg	abcdefg	abcdefg	abcdefg	abcdefg	abcdefg	abcdefg	abcdefg	abcdefg	abcdefg	abcdefg	abcdefg	abcdefg	abcdefg	abcdefg	abcdefg	abcdefg	abcdefg	abcdefg	abcdefg	abcdefg	abcdefg	abcdefg	abcdefg	abcdefg	abcdefg	abcdefg	abcdefg	abcdefg	abcdefg	abcdefg	abcdefg	abcdefg	abcdefg	abcdefg	abcdefg	abcdefg	abcdefg	abcdefg	abcdefg	abcdefg	abcdefg	abcdefg	abcdefg	abcdefg	abcdefg	abcdefg	abcdefg	abcdefg	abcdefg	abcdefg	abcdefg	abcdefg	abcdefg	abcdefg	abcdefg	abcdefg	abcdefg	abcdefg	abcdefg	abcdefg	abcdefg	abcdefg	abcdefg	abcdefg	abcdefg	abcdefg	abcdefg	abcdefg	abcdefg	abcdefg	abcdefg	abcdefg	abcdefg	abcdefg	abcdefg	abcdefg	abcdefg	abcdefg	abcdefg	abcdefg	abcdefg	abcdefg	abcdefg	abcdefg	abcdefg	abcdefg	abcdefg	abcdefg	abcdefg	abcdefg	abcdefg	abcdefg	abcdefg	abcdefg	abcdefg	abcdefg	abcdefg	abcdefg	abcdefg	abcdefg	abcdefg	abcdefg	abcdefg	abcdefg	abcdefg	abcdefg	abcdefg	abcdefg	abcdefg	abcdefg	abcdefg	abcdefg	abcdefg	abcdefg	abcdefg	abcdefg	abcdefg	abcdefg	abcdefg	abcdefg	abcdefg	abcdefg	abcdefg	abcdefg	abcdefg	abcdefg	abcdefg	abcdefg	abcdefg	abcdefg	abcdefg	abcdefg	abcdefg	abcdefg	abcdefg	abcdefg	abcdefg	Math_(disambiguation)	abcdefg	abcdefg	abcdefg	abcdefg	abcdefg	abcdefg	abcdefg	abcdefg	abcdefg	Euclid_of_Megara	Alexandria	Hellenistic_Egypt	Euclidean_geometry	Euclid%27s_Elements	Number_(disambiguation)	Complex_numbers	Mathematical_object	Natural_number	1_(number)	Structure_(mathematical_logic)	Mathematical_object	Algebraic_structure	Event_structure	Differential_structure	abcdefg	abcdefg	abcdefg	abcdefg	abcdefg	abcdefg	abcdefg	abcdefg	abcdefg	abcdefg	abcdefg	abcdefg	abcdefg	abcdefg	abcdefg	abcdefg	abcdefg	abcdefg	abcdefg	abcdefg	abcdefg	abcdefg	abcdefg	abcdefg	abcdefg	Organic_chemistry#Classification_of_organic_compounds	abcdefg	abcdefg	abcdefg	abcdefg	Methane	Alkane	Hydrogen	Carbon	Group_14_hydride	Carbon	Organic_matter	Organic_chemistry#Classification_of_organic_compounds	Plastic	Medicinal_chemistry	abcdefg	abcdefg	abcdefg	abcdefg	abcdefg	Carbon_(disambiguation)	Chemical_symbol	Periodic_table	Hydrogen	Helium	Don_Sannella	abcdefg	abcdefg	abcdefg	abcdefg	abcdefg	abcdefg	abcdefg	abcdefg	abcdefg	Turing_machine	Algorithm	Automata_theory	Computability_theory	Computational_complexity_theory	Association_for_Computing_Machinery	Symposium_on_Principles_of_Distributed_Computing	Symposium_on_Parallelism_in_Algorithms_and_Architectures	Symposium_on_the_Theory_of_Computing	G%C3%B6del_Prize	Computational_problems	Complexity_class	Algorithm	Algorithm	Models_of_computation	abcdefg	abcdefg	abcdefg	abcdefg	abcdefg	abcdefg	abcdefg	abcdefg	abcdefg	abcdefg	abcdefg	abcdefg	abcdefg	abcdefg	abcdefg	abcdefg	abcdefg	abcdefg	abcdefg	abcdefg	abcdefg	abcdefg	abcdefg	abcdefg	abcdefg	Geological_Society_of_America	Geological_Society_of_America	List_of_scientific_journals_in_earth_and_atmospheric_sciences	abcdefg	abcdefg	Ocean_basin	Geosphere	Lithosphere	abcdefg	abcdefg	Rock_(disambiguation)	Rocks_(disambiguation)	Mineral	Feldspar	Biotite	Crust_(geology)	Exploration_of_the_Moon	Moon_rock	Apollo_program	Lunar_meteorite	Mars_Global_Surveyor	Spirit_(rover)	Spirit_(rover)	Opportunity_(rover)	Opportunity_(rover)	abcdefg	abcdefg	abcdefg	abcdefg	abcdefg	abcdefg	abcdefg	abcdefg	abcdefg	abcdefg	abcdefg	abcdefg	abcdefg	abcdefg	abcdefg	Introduction_to_genetics	Genetic_Engineering_(song)	RNA	Genome	Heredity	Mechanical_engineering	Electrical_engineering	Robot	Bio-inspired_robotics	Autonomous_robot	abcdefg	abcdefg	abcdefg	abcdefg	abcdefg	Ilya_Ilyich_Mechnikov	Ageing	Geriatrics	Senescence	Geroscience	History_of_anthropology	Anthropology_(disambiguation)	Outline_of_anthropology	History_of_anthropology	Archaeology	Archaeology_(magazine)	Ancient_Rome	Ruins	Outline_of_anthropology	History_of_anthropology	Criminology_(journal)	Penology	Anomie	Biosocial_criminology	Broken_windows_theory	abcdefg	abcdefg	abcdefg	abcdefg	abcdefg	abcdefg	abcdefg	abcdefg	abcdefg	abcdefg	abcdefg	abcdefg	abcdefg	abcdefg	abcdefg	abcdefg	abcdefg	abcdefg	abcdefg	abcdefg	abcdefg	abcdefg	abcdefg	abcdefg	abcdefg	abcdefg	abcdefg	abcdefg	abcdefg	abcdefg	abcdefg	abcdefg	abcdefg	abcdefg	abcdefg	abcdefg	abcdefg	abcdefg	abcdefg	abcdefg	abcdefg	abcdefg	abcdefg	abcdefg	abcdefg	abcdefg	abcdefg	abcdefg	abcdefg	abcdefg	abcdefg	abcdefg	abcdefg	abcdefg	abcdefg	abcdefg	abcdefg	abcdefg	abcdefg	abcdefg	abcdefg	abcdefg	abcdefg	abcdefg	abcdefg	abcdefg	abcdefg	abcdefg	abcdefg	abcdefg	abcdefg	abcdefg	abcdefg	abcdefg	abcdefg	abcdefg	abcdefg	abcdefg	abcdefg	abcdefg	abcdefg	abcdefg	abcdefg	abcdefg	abcdefg	abcdefg	abcdefg	abcdefg	abcdefg	abcdefg	abcdefg	abcdefg	abcdefg	abcdefg	abcdefg	abcdefg	abcdefg	abcdefg	abcdefg	abcdefg	abcdefg	abcdefg	abcdefg	abcdefg	abcdefg	abcdefg	abcdefg	abcdefg	abcdefg	abcdefg	abcdefg	abcdefg	abcdefg	abcdefg	abcdefg	abcdefg	abcdefg	abcdefg	abcdefg	abcdefg	abcdefg	abcdefg	abcdefg	abcdefg	abcdefg	abcdefg	abcdefg	abcdefg	abcdefg	abcdefg	abcdefg	abcdefg	abcdefg	abcdefg	abcdefg	abcdefg	abcdefg	abcdefg	abcdefg	abcdefg	abcdefg	abcdefg	abcdefg	abcdefg	abcdefg	abcdefg	abcdefg	abcdefg	abcdefg	abcdefg	abcdefg	abcdefg	abcdefg	abcdefg	abcdefg	abcdefg	abcdefg	abcdefg	abcdefg	abcdefg	abcdefg	abcdefg	abcdefg	abcdefg	abcdefg	abcdefg	abcdefg	abcdefg	abcdefg	abcdefg	abcdefg	abcdefg	abcdefg	abcdefg	abcdefg	abcdefg	abcdefg	abcdefg	abcdefg	abcdefg	abcdefg	abcdefg	abcdefg	abcdefg	abcdefg	abcdefg	abcdefg	abcdefg	abcdefg	abcdefg	abcdefg	abcdefg	abcdefg	abcdefg	abcdefg	abcdefg	abcdefg	abcdefg	abcdefg	abcdefg	abcdefg	abcdefg	abcdefg	abcdefg	abcdefg	abcdefg	abcdefg	abcdefg	abcdefg	abcdefg	abcdefg	abcdefg	abcdefg	abcdefg	abcdefg	abcdefg	abcdefg	abcdefg	abcdefg	abcdefg	abcdefg	abcdefg	abcdefg	abcdefg	abcdefg	abcdefg	abcdefg	abcdefg	abcdefg	abcdefg	abcdefg	abcdefg	abcdefg	abcdefg	abcdefg	abcdefg	abcdefg	abcdefg	abcdefg	abcdefg	abcdefg	abcdefg	abcdefg	abcdefg	abcdefg	abcdefg	abcdefg	abcdefg	abcdefg	abcdefg	abcdefg	abcdefg	abcdefg	abcdefg	abcdefg	abcdefg	abcdefg	abcdefg	abcdefg	abcdefg	abcdefg	abcdefg	abcdefg	abcdefg	abcdefg	abcdefg	abcdefg	abcdefg	abcdefg	abcdefg	abcdefg	abcdefg	abcdefg	abcdefg	abcdefg	abcdefg	abcdefg	abcdefg	abcdefg	abcdefg	abcdefg	abcdefg	abcdefg	abcdefg	abcdefg	abcdefg	abcdefg	abcdefg	abcdefg	abcdefg	abcdefg	abcdefg	abcdefg	abcdefg	abcdefg	abcdefg	abcdefg	abcdefg	abcdefg	abcdefg	abcdefg	abcdefg	abcdefg	abcdefg	abcdefg	abcdefg	abcdefg	abcdefg	abcdefg	abcdefg	abcdefg	abcdefg	abcdefg	abcdefg	abcdefg	abcdefg	abcdefg	abcdefg	abcdefg	abcdefg	abcdefg	abcdefg	abcdefg	abcdefg	abcdefg	abcdefg	abcdefg	abcdefg	abcdefg	abcdefg	abcdefg	abcdefg	abcdefg	abcdefg	abcdefg	abcdefg	abcdefg	abcdefg	abcdefg	abcdefg	abcdefg	abcdefg	abcdefg	abcdefg	abcdefg	abcdefg	abcdefg	abcdefg	abcdefg	abcdefg	abcdefg	abcdefg	abcdefg	abcdefg	abcdefg	abcdefg	abcdefg	abcdefg	abcdefg	abcdefg	abcdefg	abcdefg	abcdefg	abcdefg	abcdefg	abcdefg	abcdefg	abcdefg	abcdefg	abcdefg	abcdefg	abcdefg	abcdefg	abcdefg	abcdefg	abcdefg	abcdefg	abcdefg	abcdefg	abcdefg	abcdefg	abcdefg	abcdefg	abcdefg	abcdefg	abcdefg	abcdefg	abcdefg	abcdefg	abcdefg	abcdefg	abcdefg	abcdefg	abcdefg	abcdefg	abcdefg	abcdefg	abcdefg	abcdefg	abcdefg	abcdefg	abcdefg	abcdefg	abcdefg	abcdefg	abcdefg	abcdefg	abcdefg	abcdefg	abcdefg	abcdefg	abcdefg	abcdefg	abcdefg	abcdefg	abcdefg	abcdefg	abcdefg	abcdefg	abcdefg	abcdefg	abcdefg	abcdefg	abcdefg	abcdefg	abcdefg	abcdefg	abcdefg	abcdefg	abcdefg	abcdefg	abcdefg	abcdefg	abcdefg	abcdefg	abcdefg	abcdefg	abcdefg	abcdefg	abcdefg	abcdefg	abcdefg	abcdefg	abcdefg	abcdefg	abcdefg	abcdefg	abcdefg	abcdefg	abcdefg	abcdefg	abcdefg	abcdefg	abcdefg	abcdefg	abcdefg	abcdefg	abcdefg	abcdefg	abcdefg	abcdefg	abcdefg	abcdefg	abcdefg	abcdefg	abcdefg	abcdefg	abcdefg	abcdefg	abcdefg	abcdefg	abcdefg	abcdefg	abcdefg	abcdefg	abcdefg	abcdefg	abcdefg	abcdefg	abcdefg	abcdefg	abcdefg	abcdefg	abcdefg	abcdefg	abcdefg	abcdefg	abcdefg	abcdefg	abcdefg	abcdefg	abcdefg	abcdefg	abcdefg	abcdefg	abcdefg	abcdefg	abcdefg	abcdefg	abcdefg	abcdefg	abcdefg	abcdefg	abcdefg	abcdefg	abcdefg	abcdefg	abcdefg	abcdefg	abcdefg	abcdefg	abcdefg	abcdefg	abcdefg	abcdefg	abcdefg	abcdefg	abcdefg	abcdefg	abcdefg	abcdefg	abcdefg	abcdefg	abcdefg	abcdefg	abcdefg	abcdefg	abcdefg	abcdefg	abcdefg	abcdefg	abcdefg	abcdefg	abcdefg	abcdefg	abcdefg	abcdefg	abcdefg	abcdefg	abcdefg	abcdefg	abcdefg	abcdefg	abcdefg	abcdefg	abcdefg	abcdefg	abcdefg	abcdefg	abcdefg	abcdefg	abcdefg	abcdefg	abcdefg	abcdefg	abcdefg	abcdefg	abcdefg	abcdefg	abcdefg	abcdefg	abcdefg	abcdefg	abcdefg	abcdefg	abcdefg	abcdefg	abcdefg	abcdefg	abcdefg	abcdefg	abcdefg	abcdefg	abcdefg	abcdefg	abcdefg	abcdefg	abcdefg	abcdefg	abcdefg	abcdefg	abcdefg	abcdefg	abcdefg	abcdefg	abcdefg	abcdefg	abcdefg	abcdefg	abcdefg	abcdefg	abcdefg	abcdefg	abcdefg	abcdefg	abcdefg	abcdefg	abcdefg	abcdefg	abcdefg	abcdefg	abcdefg	abcdefg	abcdefg	abcdefg	abcdefg	abcdefg	abcdefg	abcdefg	abcdefg	abcdefg	abcdefg	abcdefg	abcdefg	abcdefg	abcdefg	abcdefg	abcdefg	abcdefg	abcdefg	abcdefg	abcdefg	abcdefg	abcdefg	abcdefg	Donna_Nelson	Thomas_M._Connelly	New_York_University	Title_36_of_the_United_States_Code	Chemical_Abstracts_Service	abcdefg	abcdefg	abcdefg	abcdefg	abcdefg	abcdefg	abcdefg	abcdefg	abcdefg	abcdefg	abcdefg	abcdefg	abcdefg	abcdefg	abcdefg	abcdefg	abcdefg	abcdefg	abcdefg	abcdefg	abcdefg	abcdefg	abcdefg	abcdefg	abcdefg	abcdefg	abcdefg	abcdefg	abcdefg	abcdefg	abcdefg	abcdefg	abcdefg	abcdefg	abcdefg	Enzymology	Immunology	Phytochemistry	Structural_biology	Outline_of_biochemistry#Branches_of_biochemistry	abcdefg	abcdefg	abcdefg	abcdefg	abcdefg	Kenzo_Tange	Kisho_Kurokawa	Fumihiko_Maki	Nakagin_Capsule_Tower	Kenzo_Tange	abcdefg	abcdefg	abcdefg	abcdefg	abcdefg	abcdefg	abcdefg	abcdefg	abcdefg	abcdefg	abcdefg	abcdefg	abcdefg	abcdefg	abcdefg	abcdefg	abcdefg	abcdefg	abcdefg	abcdefg	abcdefg	abcdefg	abcdefg	abcdefg	abcdefg	abcdefg	abcdefg	abcdefg	abcdefg	abcdefg	abcdefg	abcdefg	abcdefg	abcdefg	abcdefg	abcdefg	abcdefg	abcdefg	abcdefg	abcdefg	Enzymology	Immunology	Phytochemistry	Structural_biology	Outline_of_biochemistry#Branches_of_biochemistry	abcdefg	abcdefg	abcdefg	abcdefg	abcdefg	abcdefg	abcdefg	abcdefg	abcdefg	abcdefg	abcdefg	abcdefg	abcdefg	abcdefg	abcdefg	abcdefg	abcdefg	abcdefg	abcdefg	abcdefg	abcdefg	abcdefg	abcdefg	abcdefg	abcdefg	abcdefg	abcdefg	abcdefg	abcdefg	abcdefg	abcdefg	abcdefg	abcdefg	abcdefg	abcdefg	abcdefg	abcdefg	abcdefg	abcdefg	abcdefg	abcdefg	abcdefg	abcdefg	abcdefg	abcdefg	abcdefg	abcdefg	abcdefg	abcdefg	abcdefg	abcdefg	abcdefg	abcdefg	abcdefg	abcdefg	abcdefg	abcdefg	abcdefg	abcdefg	abcdefg	abcdefg	abcdefg	abcdefg	abcdefg	abcdefg	abcdefg	abcdefg	abcdefg	abcdefg	abcdefg	abcdefg	abcdefg	abcdefg	abcdefg	abcdefg	abcdefg	abcdefg	abcdefg	abcdefg	abcdefg	abcdefg	abcdefg	abcdefg	abcdefg	abcdefg	abcdefg	abcdefg	abcdefg	abcdefg	abcdefg	abcdefg	abcdefg	abcdefg	abcdefg	abcdefg	abcdefg	abcdefg	abcdefg	abcdefg	abcdefg	abcdefg	abcdefg	abcdefg	abcdefg	abcdefg	abcdefg	abcdefg	abcdefg	abcdefg	abcdefg	abcdefg	abcdefg	abcdefg	abcdefg	abcdefg	abcdefg	abcdefg	abcdefg	abcdefg	abcdefg	abcdefg	abcdefg	abcdefg	abcdefg	abcdefg	abcdefg	abcdefg	abcdefg	abcdefg	abcdefg	abcdefg	abcdefg	abcdefg	abcdefg	abcdefg	abcdefg	abcdefg	abcdefg	abcdefg	abcdefg	abcdefg	abcdefg	abcdefg	abcdefg	abcdefg	abcdefg	abcdefg	abcdefg	abcdefg	abcdefg	Evolutionary_Biology_(textbook)	Genetic_divergence	Common_descent	Introduction_to_evolution	Common_descent	abcdefg	abcdefg	abcdefg	abcdefg	abcdefg	Chemical_engineering	Materials_science	Biological_engineering	Electrical_engineering	Mechanical_engineering	Biological_system	Biosciences	Human_Genome_Project	Systems_thinking	System	Tom_Knight_(scientist)	International_Genetically_Engineered_Machine	abcdefg	abcdefg	abcdefg	abcdefg	abcdefg	abcdefg	abcdefg	abcdefg	Nucleic_acid	Oligonucleotides	Solid-phase_synthesis	Nucleoside_phosphoramidite	Locked_nucleic_acid	abcdefg	abcdefg	abcdefg	abcdefg	abcdefg	Morpholine	Oligomer	Phosphorodiamidate	RNA	Reverse_genetics	Deoxyribose	Monomer	Deoxyribose	Deoxyribose	Deoxyribose	RNA	Nucleobase	RNA	Nucleic_acid	Nucleobase	abcdefg	abcdefg	abcdefg	abcdefg	abcdefg	abcdefg	abcdefg	abcdefg	abcdefg	abcdefg	abcdefg	abcdefg	abcdefg	abcdefg	abcdefg	abcdefg	abcdefg	abcdefg	abcdefg	abcdefg	Nucleotide	Amino_acid	Translation_(biology)	Protein	Amino_acid	Amino_acid	Protein	Amino_acid	Transfer_RNA	Protein_synthesis	Proteinogenic_amino_acid	Proteinogenic_amino_acid	PKa	Organic_compound	Amine	abcdefg	abcdefg	abcdefg	abcdefg	abcdefg	Ribosomes	Proteins	Transcription_(genetics)	Polypeptide	Protein_folding	Amino_acids	Lysine	Glycine	Proline	Amino_isobutyric_acid	abcdefg	abcdefg	abcdefg	abcdefg	abcdefg	abcdefg	abcdefg	abcdefg	abcdefg	abcdefg	abcdefg	abcdefg	abcdefg	abcdefg	abcdefg	abcdefg	abcdefg	abcdefg	abcdefg	abcdefg	RNA_world	Miller%E2%80%93Urey_experiment	Panspermia	Biotic_material	Unicellular_life	abcdefg	abcdefg	abcdefg	abcdefg	abcdefg	abcdefg	abcdefg	abcdefg	abcdefg	abcdefg	abcdefg	abcdefg	abcdefg	abcdefg	abcdefg	abcdefg	abcdefg	abcdefg	abcdefg	abcdefg	Jo_Handelsman	abcdefg	abcdefg	abcdefg	abcdefg	Election_law	abcdefg	abcdefg	abcdefg	abcdefg	Women%27s_Health_(magazine)	Women%27s_Health_Issues_(journal)	American_Medical_Women%27s_Association	List_of_women%27s_studies_journals	abcdefg	Alternative_medicine	Alternative_medicine	abcdefg	abcdefg	abcdefg	Rejuvenation_(aging)	Aubrey_de_Grey	Rejuvenation_(aging)	Aubrey_de_Grey	Michael_Fossel	abcdefg	abcdefg	abcdefg	abcdefg	abcdefg	abcdefg	abcdefg	abcdefg	abcdefg	abcdefg	abcdefg	abcdefg	abcdefg	abcdefg	abcdefg	abcdefg	abcdefg	abcdefg	abcdefg	abcdefg	abcdefg	abcdefg	abcdefg	abcdefg	abcdefg	Evolution_(disambiguation)	Natural_selection	Mutation	Gene_flow	Genetic_drift	Evolution_(term)	Evolution_(Viper_album)	Evolve_(disambiguation)	abcdefg	abcdefg	Phylogenetic_tree	Common_descent	Common_descent	Evidence_of_common_descent	Population_genetics	Mutations	Parapatric_speciation	Speciation	Fitness_(biology)	Adaptation	Evidence_of_common_descent	Population_genetics	Genetic_variation	Genetic_diversity	Mutation	abcdefg	abcdefg	abcdefg	abcdefg	abcdefg	abcdefg	abcdefg	abcdefg	abcdefg	abcdefg	abcdefg	abcdefg	abcdefg	abcdefg	abcdefg	abcdefg	abcdefg	abcdefg	abcdefg	abcdefg	abcdefg	abcdefg	abcdefg	abcdefg	abcdefg	Mythology_(disambiguation)	Myths	Norm_(social)	Culture	Euhemerism	abcdefg	abcdefg	abcdefg	abcdefg	abcdefg	Cosmos_(disambiguation)	Chaos_(cosmogony)	Cosmology	Cosmology	Religious_cosmology	Pherecydes_of_Syros	Tohu_wa-bohu	Theogony	Demiurge	Ex_nihilo	Religion_(disambiguation)	Philosophy	Culture	Religious_denomination	Religions_by_country	The_Ocean_Collective	Jonas_Olsson_(music_producer)	The_Ocean_Collective	Aeolian_(album)	Heliocentric_(The_Ocean_Collective_album)	Year#SI_prefix_multipliers	Chronological_dating	Stratigraphy	Paleontology	Earth_sciences	Proterozoic	Phanerozoic	Eoarchean	Paleoarchean	Mesoarchean	abcdefg	abcdefg	abcdefg	abcdefg	abcdefg	Phanerozoic	Eoarchean	Paleoarchean	Mesoarchean	Neoarchean	Extracellular_polymeric_substance	Extracellular_polymeric_substance	Polysaccharide	Iridescence	Pilus	Cyanobacterial	Ecosystem	Hydrothermal_vent	Photosynthesis	Cambrian_substrate_revolution	abcdefg	abcdefg	abcdefg	abcdefg	abcdefg	Unicellular_life	Evolution_of_photosynthesis	Eukaryote	Silurian#Flora_and_fauna	Dinosaur	Phanerozoic	Protocell	Unicellular_life	Evolution_of_photosynthesis	Eukaryote	abcdefg	abcdefg	abcdefg	abcdefg	abcdefg	abcdefg	abcdefg	abcdefg	abcdefg	abcdefg	abcdefg	abcdefg	abcdefg	abcdefg	abcdefg	C._B._van_Niel	Leeuwenhoek_Medal	C._B._van_Niel	Blue-green_algae#Classification	Leeuwenhoek_Medal	Chlorococcales	Microcystis_aeruginosa	Aphanothecaceae	Chroococcaceae	Cyanobacteriaceae	Earth_(Wu_Xing)	Earth_(Japanese_band)	Planet_Earth_(disambiguation)	abcdefg	abcdefg	Blue_Marble_(disambiguation)	1972_Tamil_Nadu_cyclone	Jack_Schmitt	Environmental_activism	Flag_of_the_Earth	NASA	abcdefg	abcdefg	abcdefg	abcdefg	Celestial_coordinates	Orbital_elements	Mean_longitude	Mean_anomaly	Apogee	Ephemeris	Precession_of_the_equinoxes	Proper_motion	Gregorian_year	Sirius	Palm_Deira	Artificial_island	Dubai	Nakheel	Palm_Islands	abcdefg	abcdefg	abcdefg	abcdefg	abcdefg	abcdefg	abcdefg	abcdefg	abcdefg	abcdefg	abcdefg	abcdefg	abcdefg	abcdefg	abcdefg	abcdefg	abcdefg	abcdefg	abcdefg	abcdefg	Outer_space_(disambiguation)	K%C3%A1rm%C3%A1n_line	Hard_vacuum	Hydrogen	Cosmic_dust	Ursa_Major	Wide_Field_and_Planetary_Camera_2	Galaxy	Hubble_Deep_Field_South	Great_Observatories_Origins_Deep_Survey	Wide_Field_and_Planetary_Camera_2	NGC_6302	Wide_Field_and_Planetary_Camera_2	Advanced_Camera_for_Surveys	Near_Infrared_Camera_and_Multi-Object_Spectrometer	abcdefg	abcdefg	abcdefg	abcdefg	abcdefg	abcdefg	abcdefg	abcdefg	abcdefg	abcdefg	Gravitation_(disambiguation)	Classical_mechanics	Second_law_of_motion	Timeline_of_classical_mechanics	Celestial_mechanics	Virgo_Supercluster	Gigaparsec	Light-year	Dark_matter	Dark_energy	Galaxy	Observable_universe#Large-scale_structure	Supercluster	Intracluster_medium	Open_cluster	abcdefg	abcdefg	abcdefg	abcdefg	abcdefg	Galaxy	Galaxy	Galaxy	Galaxy	abcdefg	Antimatter	Dark_energy	Dark_fluid	Dark_flow	Dark_Matter_(disambiguation)	abcdefg	abcdefg	abcdefg	abcdefg	abcdefg	abcdefg	abcdefg	abcdefg	abcdefg	abcdefg	abcdefg	abcdefg	abcdefg	abcdefg	abcdefg	abcdefg	abcdefg	abcdefg	abcdefg	abcdefg	abcdefg	abcdefg	abcdefg	abcdefg	abcdefg	abcdefg	abcdefg	abcdefg	abcdefg	abcdefg	abcdefg	abcdefg	abcdefg	abcdefg	abcdefg	abcdefg	abcdefg	abcdefg	abcdefg	abcdefg	abcdefg	abcdefg	abcdefg	abcdefg	abcdefg	Star	Ptolemy	Deferent_and_epicycle	Heliocentrism	Milky_Way	Star_(disambiguation)	Star_formation#Stellar_nurseries	Sun	G-type_main-sequence_star	Plasma_(physics)	Milky_Way_(disambiguation)	Galactic_Center	Barred_spiral_galaxy	Light-year#Distances_in_light-years	Parsec#Parsecs_and_kiloparsecs	Exoplanet	abcdefg	abcdefg	abcdefg	abcdefg	Jupiter_(mythology)	Jupiter_(disambiguation)	List_of_adjectivals_and_demonyms_of_astronomical_bodies	Jovian_(disambiguation)	Gigametre	Volunteer_computing	Volunteer_computing	Berkeley_Open_Infrastructure_for_Network_Computing	Space_Sciences_Laboratory	MilkyWay@home	Life_on_Venus	Life_on_Mars	Life_on_Titan	Life_on_Titan	Search_for_extraterrestrial_intelligence	Interstellar_messages	Interstellar_travel	Alternative_biochemistry	Active_SETI	Arecibo_Observatory	Yuri_Milner	Search_for_extraterrestrial_intelligence	Breakthrough_Listen	Breakthrough_Starshot	Stephen_Hawking	Phil_Morrison_(disambiguation)	J._Robert_Oppenheimer	Andrew_Gemant_Award	J._Robert_Oppenheimer	Los_Alamos_Laboratory	abcdefg	abcdefg	abcdefg	abcdefg	abcdefg	SITE_Institute	Big_Picture_Science	Carl_Sagan	Drake_equation	Girl_Scouts_of_the_USA	Hat_Creek_Radio_Observatory	Precision_Array_for_Probing_the_Epoch_of_Reionization	Donald_Backer	Aaron_Parsons	abcdefg	Hat_Creek,_California	Shasta_County,_California	Combined_Array_for_Research_in_Millimeter-wave_Astronomy	List_of_radio_telescopes	Combined_Array_for_Research_in_Millimeter-wave_Astronomy